primary_identifier,next_month_plan
2003793,1
1776101,1
6945050,3
2472049,2
7197266,1
2099980,1
4515595,1
4155971,1
4203824,1
4397850,2
5564784,3
8042819,3
4887835,2
7876737,1
8586725,2
4192710,6
8692886,5
2734029,2
8619873,5
8591720,8
2736902,4
1302512,8
6236339,8
2515939,2
4007286,3
4189111,5
1198957,4
7630599,1
5179554,3
3849110,6
9921234,6
7846621,3
3063762,5
7230281,1
7645170,1
9834627,2
1561943,6
8159623,5
4745105,3
6238198,2
6536712,2
6835837,4
9840782,7
9817473,8
4677724,2
8757935,6
9670187,2
1530338,5
4057212,6
8766616,4
7031680,1
1491069,3
7532437,6
9660215,5
4478979,3
8803684,2
2673030,3
3225354,4
7152868,6
3179169,1
2224348,7
7604192,4
3982237,5
5566730,1
5654973,1
1776383,1
3854674,2
1919483,7
4651764,1
4474656,2
1795642,6
6065257,5
2785623,6
6818861,4
5879576,6
6302710,1
7664304,2
7612029,7
2827711,4
2466639,4
7181670,1
4657905,1
9911891,7
1812207,1
5788490,5
2018132,4
4750385,1
7389653,5
4829600,3
5870369,3
1664193,5
5738994,6
3891124,1
4956977,5
2280455,1
5442145,2
9690915,2
2879482,6
1676804,1
1413694,1
9095217,1
3440394,4
7639903,3
7843616,4
8658882,1
1129960,5
2195886,1
4147033,3
7484224,4
1053494,2
5054202,4
7522183,1
9272428,5
2668629,1
6887862,7
2408222,5
6827205,1
5479278,1
7293700,4
6211646,7
2287562,4
9906740,4
6712888,5
7215367,1
4619709,1
4991295,3
8862316,3
1405780,7
2823054,1
6666497,5
8970659,4
5808184,1
5629721,1
1354971,8
7028838,3
6628173,5
2450232,1
1158974,2
3553918,4
7451075,5
6551842,7
2712784,6
6403752,4
2917990,2
2290191,2
2806364,1
2547943,3
1106746,8
9535518,6
5828115,1
3576888,1
1261876,2
6435719,5
1906946,4
4965840,2
9299909,1
1472878,1
1754200,5
4550812,8
6195783,1
1827020,2
1143355,5
7463157,1
6548879,4
3315170,4
7683859,2
8096711,2
6037264,5
3882846,4
5924179,4
5703892,1
1145961,8
2437167,4
1280772,4
2527454,6
6522603,2
8349253,2
8041643,6
2504295,7
3880218,1
9117275,6
2941924,1
2318131,2
4759027,4
3193576,5
6501833,2
2086725,4
1741042,1
9227318,7
2159580,5
4113682,4
8022158,1
8762907,3
9452509,3
8942397,1
1349385,3
8647776,6
1693664,4
1006766,1
6504706,1
1175738,5
3112039,3
3651976,3
8932144,4
3136993,5
4370183,3
4669473,3
5221252,4
8266878,2
3586170,7
2713847,5
8937390,3
2461650,1
6694423,3
9887579,5
4426179,1
2957461,7
9060346,1
2532590,8
9320663,1
4365639,2
8781830,1
7822141,6
5455986,3
9846653,8
2210268,4
7014920,2
6971055,4
6847886,3
6256313,3
1204272,5
1687158,4
6337872,1
1324975,2
5513702,2
2706404,1
3580959,3
6263728,1
2113672,6
1390101,2
5119108,1
1949303,1
6140467,1
8037047,3
8006342,1
8095372,3
2511704,4
5216363,1
1558751,3
4929533,3
6191127,1
6852753,7
8307807,2
2832254,1
8320902,8
5356962,3
5871018,2
2963545,6
4576628,3
2958101,4
2614982,3
2048847,2
4468799,8
5807306,1
2920788,6
2775664,8
4495015,5
4265712,1
2325498,3
7104613,1
5835284,5
9696565,3
4175000,7
4868508,4
8385863,6
3951612,1
2830582,5
8017610,6
7393024,3
7245821,1
3674927,3
9120683,5
9108388,1
1755743,3
3674938,4
8678678,1
6944410,2
6993086,3
6928089,2
7550577,6
2329685,3
8411105,3
2454053,6
7991669,6
4249579,8
6022542,8
8761570,3
3441720,2
7746519,5
9442941,5
6442978,8
9818091,5
7716635,1
2952455,1
7780669,3
5027380,4
4972132,3
4073079,4
1596480,5
1685270,7
6762028,1
4415365,2
6944474,1
7149843,1
8552951,5
9733672,4
1672661,3
2263862,2
3170800,3
7449588,1
9275473,6
7072881,3
3938831,2
1354993,4
5913682,4
5894117,8
3475094,2
3627044,8
9624651,1
2126224,2
3672317,3
9598771,3
5403318,2
4843689,8
4162645,1
3321136,2
2427912,4
1391999,1
5829811,1
6182650,7
6782467,1
5241645,6
9856989,1
4470802,1
8718191,4
5235645,3
9152598,1
3638435,1
6259994,8
7155422,5
3519126,1
2692386,1
3221452,3
4355459,3
5652029,1
2546905,6
7629251,5
9567264,2
5887363,2
3029460,4
9880278,1
8536133,1
6957423,5
2029049,2
9632635,1
8540149,2
8007569,1
2094239,1
2087175,3
7748582,3
4271343,4
1138355,2
9236402,4
6939151,1
3869807,1
8639687,6
1867693,3
3503545,3
3488315,4
5393807,8
1861669,6
9346950,8
3093450,3
2250951,4
1405017,2
9887485,4
2721683,1
4348324,2
6590205,1
4546295,2
7890114,2
2791513,5
6865490,4
3031047,1
3690843,2
5656619,5
2024708,5
7387256,7
2237764,3
5622632,5
1966823,8
4638811,5
3541332,6
4799022,6
6174327,6
3077748,1
4004351,1
5569003,5
1439536,2
9725758,8
4107332,1
3914392,7
9646365,4
2278396,1
8764354,2
3197666,4
7351424,1
7155751,1
1934001,5
1786779,5
4512114,2
7151207,4
6529320,8
7343263,1
8415006,2
3931158,1
5611049,8
9434803,3
2644248,1
9624083,1
9760983,3
5492656,3
2896127,4
8393177,5
1002777,4
3944342,3
4071075,5
3900315,3
5530629,8
4065207,5
6953461,1
2863818,1
7749882,1
2251316,3
6466904,6
8566151,1
9190747,4
6249805,1
6618788,2
9989708,1
2083205,8
1497328,2
1957777,6
9239418,1
7018678,5
9691900,2
1060082,1
7473939,1
9730860,1
9706328,4
7386547,5
6996677,3
1492991,3
8817962,6
6251427,5
1266775,2
6701208,1
2693522,6
5425042,2
2092699,1
6277537,1
3244887,5
7124319,5
6296978,2
9108878,5
6389170,6
8996178,5
7819028,1
2773639,2
3196075,4
2552198,3
6368451,5
3443282,1
5704787,1
6721754,1
8854125,3
8093320,5
7836533,1
4200898,1
1698340,2
1447921,1
4980406,3
5635115,5
7828295,3
7397781,1
5324248,4
7036251,5
9421236,3
7194136,3
9023724,1
2260848,3
7566842,5
8898449,2
2669066,4
2424639,2
1155797,3
4058703,1
9317802,1
6376783,1
2684768,7
8339776,3
9765243,1
1286615,7
5595184,1
3113973,1
4442080,6
6354306,8
8235754,3
3221404,3
4939499,8
2061672,1
8846283,6
3599041,1
6669063,1
5390907,3
8126045,7
4695200,4
4648958,7
4705331,8
6137233,7
2136909,2
2173144,3
1655171,5
5638082,7
2990608,6
2895388,3
8512081,1
2223940,4
9426138,1
1944885,1
6578934,1
2242042,4
8435431,1
7411898,2
6086625,1
2011978,1
3511466,1
6689649,3
4803420,3
7298049,1
5449631,1
1359206,5
5684189,5
3788587,7
2767490,1
1971636,1
1229104,5
4007735,6
3256564,2
7904992,2
3058532,7
1416272,1
4895768,3
7621119,1
3573830,1
2524313,1
7938960,5
8120180,7
8068534,3
7975886,1
8280788,1
9626171,1
1388588,1
1001886,5
9612652,7
3316919,1
4276238,1
4368507,5
2420662,1
3313006,2
5115497,3
1442501,5
3496280,8
7788441,7
1863675,5
9332566,2
8575640,1
1600785,3
6418677,5
9928047,3
6545843,3
4384045,3
8762833,1
9010400,4
9527274,3
3960386,1
2866682,3
3433090,1
1753472,8
4080740,4
5949887,1
8125727,5
1374895,5
1701838,7
2046379,6
6438973,4
4722012,8
8513195,5
5817195,6
9595256,1
1674873,3
3359270,1
4339654,5
4480247,5
5119171,6
9602766,3
7450724,6
8053093,2
2393468,3
5411044,8
9054676,4
4694206,2
5427864,1
2158332,5
3716824,5
3111656,1
8780719,5
3108216,1
7574162,1
6835607,3
7697787,7
6340540,4
6344144,5
6298440,4
4683707,5
4959148,1
1751595,1
3170337,2
1784892,1
9272318,5
4505078,4
8250309,3
4644618,5
9426698,5
3765127,7
2742437,5
3939824,1
1554558,5
4442955,6
8131396,1
3380444,2
1624042,3
2088687,3
2633519,1
2967162,6
2228482,2
2883342,1
7770220,2
7082758,8
3783929,3
9054759,6
5286667,1
8398184,4
3993251,1
1305586,2
9883900,1
2386573,1
9535428,6
9000161,2
9325556,4
7591992,6
8763580,8
8120083,3
4471173,2
5526299,1
7255761,1
3858053,5
9340490,3
8953788,1
4387462,6
9825954,2
5337513,5
1325382,1
1372546,3
1514252,4
1987780,3
7098433,4
5671731,1
6486027,6
5886385,3
3801696,1
9715110,5
6146567,3
1256082,1
7673406,2
8586602,4
5669093,6
3897383,3
8013856,2
4871311,5
5827528,2
2237408,3
5768774,1
3883221,5
3720671,2
1889077,2
6280123,2
8453354,6
1045653,5
1354840,1
8254361,8
5348125,1
5862110,4
3472150,8
4251633,3
7446264,4
8421144,2
6904073,5
5709852,3
2163400,8
2993365,2
8597953,8
1211663,3
5785507,4
1802258,4
4867693,7
2853706,1
9669583,6
6124879,7
7341344,6
4367389,3
8978948,1
5133226,3
1830084,4
3970960,1
5669452,1
1609728,2
3164045,1
9947609,8
2100997,2
3762464,3
2297573,5
8664573,3
1259832,3
2616732,1
4207090,6
6681899,3
2346919,1
2269763,1
9488366,1
9237039,7
1998160,6
7128784,3
1966271,3
7959014,5
7522857,6
7633735,2
4698109,1
2927252,4
4613372,1
8348459,2
7778079,2
6714772,2
5075888,2
4744748,4
6182326,1
5818598,1
6968960,7
3143121,2
8578724,4
1751827,4
6543777,3
8568760,6
8762087,3
4912443,3
7620543,3
1040728,7
8186120,3
3286202,3
9046815,5
9555420,3
8444611,6
4740534,8
2116587,5
9916588,6
1458172,2
3352998,1
7622917,1
9762675,3
1895933,4
3156325,4
8902257,5
7304526,1
3360560,4
6704694,5
9366123,6
8693886,3
7318737,3
3097088,8
6975220,1
1255346,1
4453208,8
6985592,5
2566177,3
8844073,1
8471253,1
8160330,1
2617592,1
8804374,8
5185903,6
5125903,5
7787809,6
4692943,1
7627024,3
2945177,1
2746142,2
2816618,2
3884431,7
5172759,1
1583171,6
8080081,1
7263779,1
7069708,4
1566753,1
4300796,5
3939869,6
2524870,3
7264010,5
4992964,3
1895725,1
4713898,5
4900360,1
1258233,5
4931364,6
9627420,6
2686890,2
8753183,2
8736880,4
5448080,2
3222998,5
3106558,1
6323523,4
1019642,8
8034081,4
2121098,1
2764662,3
8464623,2
3748929,2
8308832,4
3577526,2
8162304,8
7723510,1
8968180,1
7805802,3
2824738,8
7892150,1
5324109,8
6131016,4
8097106,4
7466256,1
3432258,5
4450833,5
5658590,4
2871399,3
5658547,2
2952699,1
1292840,1
6769256,1
5590794,7
9777049,4
6009807,1
3872031,8
8718979,7
1434701,4
8040649,6
6153286,3
9397510,3
4555283,4
2064431,5
1117648,1
3485538,1
7016586,2
6402963,6
7354922,1
6316265,4
1160364,1
9040115,1
3415763,8
1152329,3
7096420,3
3652538,1
3828414,1
4383260,1
7389542,6
1048998,5
2237614,5
4919478,1
6783176,5
9663289,1
2281931,4
5161328,3
2556259,4
4004733,6
4271900,1
7764116,8
2672298,8
8776307,8
2877748,1
2254167,4
5856796,8
3654905,1
5867655,1
8258308,1
6512308,1
2015340,7
5513122,3
1942111,5
7639689,2
8640789,5
5962712,8
2693880,1
4176500,1
4721260,5
9949837,1
4157662,4
6130543,5
3435519,1
1454264,4
1322865,1
7569930,1
6119249,3
3071847,3
5205549,1
4867304,4
1846282,2
4729047,8
4757658,2
3329937,5
2682855,1
1280146,8
3457386,8
6539876,2
1188584,1
2229271,5
8470484,1
8094568,8
1822866,1
1661056,7
1232469,2
2545531,5
5274997,2
5803984,1
4156707,1
1432599,1
1734956,8
3756779,3
2057715,1
1315972,7
6507194,3
2151331,1
1284106,2
5967853,4
7898103,8
4057921,1
6502128,1
8815198,1
5282997,3
2982583,5
8127702,5
7711174,5
8449037,7
3479447,3
6683638,5
7521140,1
3936999,1
8538221,4
9940382,1
9762753,7
7284486,3
1736781,4
4167630,1
3008199,1
5894892,5
9674746,2
5288888,2
9134239,7
3741122,4
6592486,5
7168904,1
8845366,1
9285370,3
7110293,2
9576287,5
8178171,4
8686880,2
8829281,1
6678319,1
1974237,1
2421890,8
5586005,5
3928418,1
5883526,2
7170016,6
4186571,2
7926346,2
3115369,3
8279090,1
6469019,4
9858577,3
4719043,5
7673173,5
1490833,3
5319693,1
2393507,5
8703921,8
1923392,5
8228508,3
6662514,5
4485763,5
4836100,1
2816376,6
9915285,5
9009342,6
3467921,2
9461844,5
3676321,3
1356190,2
3194038,5
9371903,1
1604609,5
8664804,1
9223341,6
6335994,4
2216515,5
2990622,8
1332029,6
8293855,4
4791765,3
4947622,2
8636139,5
1282004,2
3421133,4
2430446,1
9180188,3
3469525,2
6958121,1
8814230,4
5036929,5
7480536,3
2895098,3
9510622,2
9039442,5
2267371,2
3580928,2
1172674,6
7335619,1
6511318,1
8640221,1
2680770,7
1751278,4
4478514,3
6239701,5
6694510,4
5026807,1
9335789,2
2763128,3
2204258,5
6380189,3
9630834,1
5811674,1
3525385,2
1640005,2
3969986,3
8092047,3
4111746,1
2940321,1
3748096,1
9537415,5
4144523,1
7818447,7
7569784,4
3622036,1
2081025,4
4093004,5
8137449,3
5767114,3
3036745,2
6067896,3
1510140,1
2062461,6
1163055,5
1949604,4
1474541,4
6934280,1
5854276,2
5853240,1
5781329,8
8600364,4
7913541,5
3171804,5
5115022,3
7110014,5
1225702,3
6532115,1
6615532,3
1559108,5
8894971,1
5904940,3
9027549,3
3160181,8
1352049,2
4050637,8
9663318,2
4139673,8
2960993,1
9709014,1
6553628,3
9404418,5
8593600,2
9724874,5
1464296,2
2545980,7
5836874,3
4386516,3
3314287,5
2506408,1
4811346,5
5480406,4
1056808,2
5371839,1
1473306,5
2570670,7
4652901,3
5756644,4
7553648,2
4026620,1
1704222,1
1291291,1
7341481,5
6364159,1
8972778,5
6465092,7
6849052,1
5616287,1
4374015,1
2683787,1
7730237,2
7712476,8
5421459,3
4847450,5
2172055,3
2252599,1
3567763,4
8076750,4
8252506,1
1854532,4
9022604,3
5554221,1
3096569,4
7434892,3
6823707,4
4907467,3
5965357,5
7152553,6
3429081,2
6925687,1
1863053,2
1819976,3
9764723,3
3783734,2
7553293,3
6917634,2
1439462,3
6669201,1
9185436,8
7069576,6
4617163,2
5118470,1
5390835,5
5972572,1
1164413,2
2812587,1
5937144,2
6136442,2
3618596,2
3743834,3
4439620,6
8913967,8
7700564,5
1629103,4
4983912,1
2602359,2
7045925,3
1356298,1
3864356,1
9252963,1
5782980,2
3012617,1
2089975,2
4744162,1
1382321,1
8200188,3
6027941,8
2366677,2
4008370,1
7484466,3
9532567,2
2456211,3
3676414,6
1856167,1
8631906,1
1325747,1
7191979,1
3754900,1
9545549,1
4219275,6
4662273,1
1122957,2
8320127,1
7027312,1
1371947,1
5372218,1
3879659,5
2345907,8
6732369,5
8715398,3
2299567,4
2563602,7
5214767,4
8360587,8
7772910,5
6517612,3
9495579,3
5090507,5
2717618,1
3316401,5
8484006,1
7653926,7
3458417,4
3920003,7
1629690,3
5863503,1
2919238,1
3988759,3
7254706,5
3057815,8
4247784,3
6211584,5
4672100,2
9048287,1
5129813,1
6455710,4
2333858,1
6240553,3
8963826,5
6999523,3
6810797,1
3748120,5
5906184,8
8848337,6
2451389,1
2814967,5
8738645,5
1743998,5
2761609,1
1724376,2
6685006,6
5266980,4
5069225,5
2775542,1
9261861,7
9641995,3
9630857,3
3860065,6
2493434,3
9305275,3
2461473,3
9112304,4
2721778,3
2960687,1
2754803,1
4115824,6
3361537,1
6579971,2
4160905,1
6090464,2
4298483,1
8190664,5
6428389,7
5195675,5
5101331,4
1355880,7
8092729,2
8654570,5
2838318,1
8296508,5
5861664,1
3863130,3
3542815,8
3717835,4
2297274,5
3919570,5
7207783,3
6916939,2
6371378,5
5919333,2
2733646,5
9303339,1
8717811,4
2057864,5
4239974,5
6273113,7
1017100,3
9454511,3
6593466,5
5512832,3
1469005,3
7464803,1
8580106,5
6682669,1
8713072,8
2232153,2
5423780,8
1067217,3
8286341,7
2760431,2
3948841,5
3044020,1
9284235,7
1957371,5
7594298,3
1586123,5
9786429,3
3213906,6
9832775,5
4925637,4
4795850,7
5599951,5
8107522,1
5421127,1
5621517,3
6800058,5
4916781,1
3574816,1
5739511,1
3663757,1
5287984,2
1013913,1
7772319,5
2328276,5
8480185,4
4991990,4
4186540,4
5220374,2
3718918,3
5994453,6
8621654,7
5022315,1
1714122,5
7136333,3
7377958,5
2899044,3
1377815,1
1178839,1
1579413,3
5758877,2
2647297,1
4589117,3
9709159,5
7528773,2
2307486,4
8119061,1
6568305,8
2562145,2
1819641,4
5287207,8
7792008,8
7763228,1
7624961,8
6299292,3
5921811,8
4986026,2
5759986,5
6326634,1
5077035,8
5644124,8
2111163,2
6112685,3
4375399,1
8362415,4
6368930,1
3186530,4
5195806,1
2613768,2
4105708,1
4386252,2
7651807,7
5833474,1
2647093,1
2569499,5
1977426,1
1579011,3
8113016,1
4989041,1
6062305,2
8035664,1
3682041,1
3259739,6
9589446,3
8212862,2
8399418,3
1450540,3
9375691,7
8973734,5
3957170,1
9629482,1
2261872,5
9223362,1
5631497,3
9333571,7
3406150,1
6951672,1
2940580,3
5223050,3
1302032,3
4571900,4
3496582,3
9517366,1
1996499,4
2796745,2
3969848,6
1027728,2
3125656,1
2676528,2
2299929,2
2601710,3
1220757,2
7291761,5
4735966,5
8698562,1
6919442,8
8858506,2
8292069,3
5918994,2
5542882,5
5303306,3
5372330,2
4322437,1
4450360,2
4246847,4
9947895,3
5775744,2
9574825,6
1295243,1
2756762,2
5618692,1
8666118,4
7589186,1
3548790,1
9422403,3
5591905,6
7808312,5
5866924,1
8257564,4
4028636,4
2934840,2
2768719,4
1553009,3
7805102,1
3065221,3
2176099,1
2636432,2
9050803,5
8990841,1
9499913,1
5996662,4
8170869,1
9606611,1
9940400,1
6245092,5
4890642,6
5568161,5
5425069,5
9030582,3
4424375,5
8251701,1
6683730,5
9471590,5
8577702,4
8330264,5
6323476,1
6949161,1
9226769,2
2062825,4
9946657,1
4995446,5
6511075,3
8512073,1
3929143,2
1310779,2
9819361,5
5625074,8
3453157,1
7933979,5
3889379,5
7817327,2
6984428,1
4145012,3
9234724,7
5042848,6
7587421,1
2748609,1
6904088,5
3823318,4
2275601,5
2377765,7
4113586,1
6098030,5
3244118,4
9922256,4
9909225,2
1034171,5
1562891,3
3132770,5
6351078,5
5059238,5
1494258,2
2897602,3
4034031,6
1291063,6
8567924,3
6446875,4
7130508,3
6787023,8
6304133,1
1403564,5
6128174,1
7239506,4
1101821,2
8951466,1
3280120,1
1381631,8
9063075,1
4133833,8
3802885,1
6686757,3
1371498,3
2220898,6
2030916,4
3045369,2
2912681,5
4480290,1
1628312,3
4104078,6
8978315,3
8224165,1
7884349,2
9994702,1
1306848,4
3777774,3
9785745,6
5780665,1
2632385,1
9272269,2
8030531,3
8760605,1
9879146,1
1103509,7
7329718,7
8134517,7
8045453,1
9086143,4
4839990,2
8185080,1
6853376,3
1774571,1
8548230,1
1511960,1
3498144,8
7758588,4
1284478,3
9569722,5
8515295,1
8384280,3
3780578,5
3573878,5
6969840,8
2314420,1
3701183,1
1975405,2
4940245,3
4086960,1
5084396,5
6809028,5
3642287,2
5116450,1
2703264,5
3548250,5
8619859,5
6395832,1
2596101,1
2739019,5
8201188,5
5846510,5
3447202,1
3329379,3
4340129,2
4741454,2
7473979,3
7591524,8
5923078,1
8976228,3
1915571,1
8350262,6
4922089,1
9504798,4
5270434,1
7189967,5
7227591,1
1918959,4
4469334,5
6421422,1
9435214,1
2198437,3
5503508,4
5436887,1
3510566,8
3832362,1
6609938,5
3996813,7
5675175,5
1534654,7
5420098,1
3552828,6
6630672,1
1989937,4
3683316,1
5440135,6
2470290,6
2886902,1
3036721,8
5470647,8
9164100,2
8336974,1
4216990,4
2602764,5
7502670,1
6462182,1
7383436,1
5609795,5
4171567,1
4896802,7
1952068,1
1146042,1
3836735,5
6610075,5
4842618,5
8848305,6
3735759,1
9770988,4
3155754,1
2065644,3
5555107,4
1606324,6
9317370,6
1241550,2
5400183,1
2974972,5
3439003,4
3528304,1
4530260,1
3170757,4
9283971,4
3029110,4
1579154,2
6687952,3
1846531,5
3836607,4
3145190,1
7209178,3
5063597,4
9917085,1
8434251,1
8912846,1
7942168,1
2317827,1
9741681,4
6915960,4
9064654,3
4847748,3
6119130,6
2126598,4
8743443,5
5718242,2
6971678,3
6608808,1
3735616,2
9371118,8
6116444,1
8338514,4
4110555,3
2432055,1
2211530,1
4685667,1
8985884,8
6870722,3
8548765,7
2735107,1
1212058,8
6232921,4
1832180,8
7970980,3
2456820,6
9132535,4
9466769,4
5397308,1
3876917,8
8952660,2
8564204,2
4461787,2
7021104,1
5247394,5
1096874,1
7209467,4
8315218,2
3254023,4
7558923,2
1435505,1
2390783,3
8722123,5
3654229,2
6844111,1
1298343,2
8703391,8
6046979,4
2289045,1
8627945,5
2997529,2
1590925,4
6466415,3
3988099,3
8196013,7
3644478,1
3301566,7
8159889,5
4882844,3
2102905,2
1792196,4
7607677,3
5881436,3
6399245,5
9992344,3
2959553,7
7750421,3
2199125,3
9660864,3
2275904,2
5154198,6
3464492,1
9423298,3
7311952,5
7654715,4
6027519,3
7974469,5
4368820,2
5454417,6
7172954,3
5685009,8
9961291,3
4694866,1
6338443,8
6990265,5
9868319,3
9800217,4
2634149,3
3900019,8
4063481,6
5259441,4
6810778,5
7741626,2
7380506,1
4627403,1
4431170,5
7186385,3
9407514,1
7732964,1
2834620,4
3109975,1
4460522,8
1718890,1
9108157,6
2120242,1
9306954,3
1413011,3
9662488,1
8801851,5
5715602,7
2118959,2
3300296,4
5173055,5
5192288,5
6132201,4
2859415,2
9694555,1
8924099,8
8902349,8
6859760,4
6550817,1
3239189,2
1271705,5
4660583,2
9558546,3
7022929,4
5034697,2
2341931,1
1490685,2
3459935,6
9273482,3
8133748,1
2595847,1
1880694,8
3382910,4
3225790,5
1312311,6
3816196,1
4902890,5
4046012,1
1795414,7
6448322,2
6764939,4
1205840,6
9901838,2
9182818,5
4842993,1
6598474,1
6378124,6
6503487,7
3361369,5
9149525,5
9078762,4
5501712,8
1418234,4
4655161,6
8584905,5
2557467,2
8444875,3
6155933,2
3959172,1
7530311,3
7387226,1
7874002,1
9582194,1
9122667,5
5016807,1
5006284,4
1546680,8
4834325,3
7241837,2
9136219,3
6280754,6
5039601,4
3086552,3
8448663,8
5484917,2
5894844,4
9977112,2
6601857,3
6109414,8
6758275,3
2030530,3
4557186,4
8442254,1
5402568,2
6228231,5
7311804,4
2849304,4
2405098,1
1224541,1
9258398,1
4452035,3
7552004,3
1530027,1
4884691,4
5246978,6
7559453,6
5187678,1
4860264,1
1098882,1
5474212,1
7113095,8
7111756,8
7262938,3
9454605,1
7784168,5
6317146,1
1439937,3
7304568,1
9136900,1
8755193,5
8625478,3
8139964,3
8227545,4
2366991,1
6671391,5
8091056,1
9715508,2
6575011,7
8891720,8
3000646,5
1088446,2
5981448,3
4039424,1
8303710,2
3470244,2
3639948,2
1880320,4
1375630,1
4903055,1
4750315,6
5408817,3
7115914,4
5861334,6
4564590,7
1970541,2
2322265,1
1601430,2
5495936,5
5167933,1
4792434,7
6214573,2
9487477,6
4021387,2
6016797,8
5630803,1
1447163,5
7494108,3
9851090,8
9981439,4
4932819,2
6984292,4
1913069,4
2047629,5
3947027,1
1633986,1
5037518,1
8458858,3
3351351,3
7063940,2
6310781,3
9669659,6
1291947,5
2888242,5
8503642,2
7626938,1
2309680,1
9041795,3
8172371,5
3292161,4
9033582,5
2316301,1
4252014,1
8216162,8
5983523,3
8731186,1
2898455,1
6211498,1
6766973,5
4629059,4
7326615,1
6832420,2
8006849,5
5608814,1
8191333,1
2239913,4
5637696,8
2990354,4
3023822,4
6500332,1
6171645,1
3421379,6
7945137,2
1803745,5
7394961,2
3448351,1
1402009,2
7267310,3
3499422,3
3419291,3
9614906,1
1159189,1
9493421,2
8147765,2
6252908,5
2055884,1
8643525,5
8047825,1
6189653,6
4495554,5
7276273,3
4695426,2
2114819,1
6138591,5
1372261,2
8592674,1
4336869,6
7874494,3
5026063,8
7220694,6
5185664,3
6332315,4
8387020,1
2953039,2
8558047,1
7250164,1
2489848,4
1963783,3
2359396,1
1658094,3
7013317,1
8194213,6
2469093,1
4354989,4
1112367,4
4051243,5
6343846,6
8324518,1
6405299,2
8843256,4
9284382,1
1330761,1
8001853,2
7053698,1
3036492,1
3700732,4
3193127,1
8256674,6
5583544,3
6836570,4
9648298,6
8987384,1
2486234,1
4142396,7
5707584,5
1281124,5
3064840,8
7868628,4
7011751,4
9081743,1
1434439,8
5500408,1
2551051,1
4996199,3
8160672,3
9924034,2
3634671,6
7744594,3
9192662,4
5761268,5
5842615,1
8971746,3
8125635,2
1214027,1
3366687,1
2803910,1
1627911,5
8811467,1
5451258,4
1787075,4
7663422,1
3919155,6
9326790,3
2162817,3
8232851,5
3410390,3
8842989,1
5567792,4
3999304,3
7144214,5
4889175,5
3373950,2
1016489,4
3848022,1
7391339,3
4371498,1
2383391,1
3253273,1
6566585,1
5724893,4
7288599,2
7109490,4
2903281,2
8589663,4
7394014,7
5202297,3
9598376,1
5530353,1
3484625,6
2554838,5
1310016,8
2633981,3
5632407,1
2622370,1
5985610,4
3152009,2
1915728,1
9672152,3
6445876,4
3178466,6
4019778,3
1222576,6
8584874,2
4546367,2
4450213,6
1515700,3
6325374,2
7472608,1
8671982,4
3330402,1
6456330,2
1899381,5
9236554,6
6990783,5
2115525,4
2553581,5
3290760,4
5035124,7
2882999,3
3226789,3
1411668,5
4199188,4
5186172,2
4700456,6
3008645,4
9566802,7
6580763,3
9833851,1
4904111,2
8022297,3
3928148,2
3250384,1
9553929,4
6803177,3
7806854,6
2880925,1
6907101,8
7776101,3
5351849,1
6032603,1
9908403,5
1041636,5
7123097,1
6457016,1
3997091,2
7738613,7
2940984,4
5682574,1
2907307,5
5202051,2
6341564,4
9518435,2
7334502,5
5847005,4
7482714,1
7159517,1
3688954,5
7828618,7
5587144,3
7907476,3
6911623,1
4413800,6
9431624,1
4823924,6
8950925,8
9973962,1
1157928,3
1954520,4
8981889,2
9391231,4
2159642,6
9803348,5
6741713,7
9629101,3
4237365,6
6290466,5
4980346,3
7343279,5
9220784,4
9951138,1
5210901,5
4561857,2
9861945,8
3591660,6
2672307,3
4970173,4
8295707,1
4308286,7
3584124,5
7259738,1
7043531,5
2427624,6
9264204,3
8967625,1
4068874,1
1155641,5
9965129,1
9735234,5
1032068,6
6519299,3
1010446,4
7240575,1
5743936,2
7223938,1
7473502,6
9511707,5
6746208,1
6055387,3
7477557,8
4154051,2
2688471,1
3463517,4
6307097,1
3684939,2
1566231,7
5066140,1
1558295,1
1762662,6
1752891,1
3806722,6
8282567,4
2009798,2
7636337,1
5266890,2
7083101,6
4124655,4
2867175,7
4934199,5
6280265,5
4125384,6
7050270,1
3722161,6
7455444,1
8714765,1
2772493,4
6733010,1
3019892,4
1437714,1
3994989,1
2332818,1
2924480,3
7766379,5
2286932,1
8020363,5
5315456,8
3949054,1
3361963,2
8801253,4
8012470,2
4892783,3
4193519,3
6362308,2
3941134,1
4646012,1
5315139,1
9156737,5
4793889,5
2106899,1
1995537,4
2451762,6
3294642,1
4395177,3
9519293,5
4218242,6
5727648,3
8242587,6
6084229,1
3549487,1
8259614,1
5799296,3
8767354,5
9209677,4
6727477,3
9094782,7
7748953,5
2278150,2
9961218,1
5275990,6
4778756,2
3623741,8
7731542,5
3621782,8
8251314,1
1048321,1
9843112,8
8767557,5
3438612,5
9801062,3
9980880,2
8621086,1
9569771,1
9609816,4
3848596,1
4895977,5
2483965,5
9246000,6
3336645,3
4157580,1
6311637,1
7971673,5
4558422,1
2614750,8
1373910,6
3402314,4
4434387,3
2247611,6
7078621,7
3258169,8
3405072,3
6961416,5
6113168,1
5340150,1
1260303,1
8303101,3
8310188,3
9640503,8
8927822,1
9020346,6
9237944,2
3146325,6
4267832,3
8581308,3
2423390,5
4236534,3
1614449,2
4424490,1
3675631,5
9567719,5
6513450,5
2798358,7
2383789,4
5728563,6
7431291,5
7333471,7
6922319,6
4180193,4
8222585,1
3976238,1
8760394,6
5393115,5
3458046,3
5482811,4
5845025,6
6227273,6
1023645,1
9351942,1
5174900,1
9675878,1
1254547,3
2117382,8
7400304,5
2882942,3
6572554,3
8725816,1
6450681,4
8660074,1
7024726,1
9549527,3
9605351,2
1235491,7
6223556,7
4384722,1
7821334,3
2604332,3
1531090,1
7464902,4
3418221,5
3074387,1
5413064,1
8973854,6
6480857,2
7503696,7
1631826,5
1423314,2
7710525,4
5821697,5
6103240,1
3330540,8
8278023,4
4084646,5
6931810,4
2711444,3
2292591,4
6195763,4
6076433,1
8288751,2
4303832,1
1435463,4
9742636,3
1417171,1
2228962,6
5024273,6
4125405,8
7011748,2
2504062,4
5345587,4
6023687,5
6230972,4
2233887,7
8533822,1
6903971,3
8205149,1
9551358,3
3141589,4
6234125,6
9918007,4
7967983,3
4183218,1
3929987,6
2087286,1
3788706,2
9960272,1
1356142,6
3476552,5
1544276,5
4914501,5
6739647,4
2761833,1
3119788,1
7758081,8
6380585,1
2384873,1
9257482,2
9132291,3
9897229,8
9722369,6
8210715,2
5578259,1
2354602,1
2112910,1
7800438,4
1604112,4
3142105,5
1312645,1
3541798,5
6861229,6
8539609,1
5083357,5
2402674,8
6681419,2
6291750,4
9676731,4
1229335,4
5905091,3
9946718,5
7999341,1
8829063,8
8749903,4
9916812,4
2271357,1
5216777,3
7820903,6
2952576,5
8822758,3
2793980,1
9474568,2
2969255,1
1471025,1
4954950,4
6280461,1
1002441,5
9496032,6
1573353,1
5445946,2
6846934,4
9463189,1
3851280,6
5818784,5
6443175,4
8624669,1
1397664,7
8082046,3
1376828,7
6965027,4
8095467,1
3569903,3
8668236,5
7806662,4
5483449,5
5000178,5
4407167,2
4313010,5
5194248,7
1070337,1
4821206,1
8001135,1
9399985,2
3304021,3
4279077,1
3479267,5
1288493,5
3528562,3
8995435,1
6957254,1
4978661,2
5796434,1
5083838,4
6564044,5
5806109,5
1143102,2
1862236,7
8181971,3
4829363,2
3517763,3
5207680,4
4784473,5
8866041,3
2794304,1
8446960,4
2088467,5
5959916,1
4344698,1
9874969,8
3033681,4
8528509,4
3878374,1
4862500,3
4091994,6
5355180,6
8423034,2
9693930,1
6532955,2
5084247,7
9583922,6
8218130,4
6468079,5
9593058,1
2206446,3
3345516,2
5006748,4
8163838,1
1948731,3
4061430,5
6354290,4
7036877,3
5614042,1
2254615,2
1524832,2
2167310,1
8334640,2
4319181,5
4063049,3
3068137,3
5187541,6
9676708,3
9463820,1
4863747,3
1017655,8
6902418,1
7601996,1
2340210,4
7771033,1
4581219,5
5264347,4
1918705,4
5873993,4
5329362,3
8972882,8
6631552,1
5277410,1
6764083,1
6285827,8
4711232,5
5317592,4
8126751,3
4959083,5
7908772,3
1606100,3
5796190,8
8598215,5
5336966,1
9649850,1
6868763,5
9241275,1
9228217,5
4290449,5
1745948,1
5012319,2
5485322,1
3099455,1
3499543,2
4963357,5
9920516,4
8183541,8
2087147,1
9276493,6
8387516,4
7837679,1
5214009,3
2709520,3
8747733,4
9166954,3
9407325,2
6016071,5
3675988,3
9521283,5
1247238,1
9787084,3
7210739,6
7316444,8
1448090,2
8228485,1
3880058,5
5635896,7
5415630,5
5206236,7
2359341,3
4779381,3
9238711,6
8648741,3
8566425,1
3215982,5
2917663,1
5854823,3
7816829,4
8241912,1
2510428,2
7784039,5
3133222,2
6121126,1
4185250,3
3460810,4
2468388,5
3201222,1
2117279,1
7223033,3
1761898,1
5055502,4
8969702,5
2080165,2
9116025,7
5410846,2
9050833,7
8836305,1
5780752,7
5776793,1
4172503,6
5467582,3
2390605,5
8950745,1
6453228,1
3611076,8
3785011,5
9630245,1
3045993,1
9288287,1
1737718,3
7457078,2
7470961,8
8959262,2
1025114,5
2549579,4
2567912,7
8620591,5
8783369,3
7737605,2
9022019,8
5333908,4
1141437,3
3652409,4
9236723,5
4975502,3
3630725,3
5384627,5
8197164,3
5158017,1
1686376,8
5864876,1
2379539,1
8426203,1
5945765,1
9663733,1
6073241,3
3706046,2
8452707,1
2829401,3
6234830,7
9308746,3
1212727,5
9745471,3
7916222,1
9321831,6
2713964,5
6479810,1
4445243,1
6192489,7
5042899,3
3681538,8
1977313,3
1907392,6
8219644,1
6515145,1
2862825,2
1660928,2
2384186,4
2055214,3
6452480,1
2738317,1
6728775,3
7103057,3
5723255,1
3084627,2
9055660,1
8101553,5
7521787,4
2971099,3
8376615,3
3265555,1
4571841,2
9287947,1
4652725,1
9004692,5
4609917,7
6225395,1
1706465,1
5807983,1
1958798,8
3190280,1
7218232,1
7747922,1
9889630,4
7141798,6
2557419,1
9079755,6
1836921,8
6482578,4
6984111,5
8380279,3
8606447,4
4912819,3
3024013,5
1719986,8
1024374,2
8732268,5
6446587,6
8170966,3
8372400,2
8224282,5
7771323,1
5183726,1
4454059,1
9086118,1
3774643,1
7125639,2
5098376,3
2175202,5
5411105,1
4307886,4
6926843,5
8081297,5
4581140,1
9096450,1
3471837,1
4005354,6
8350614,6
2864171,1
3273193,1
7268842,8
4842280,8
3269302,1
5084476,8
9082722,7
8632477,1
8095153,2
1123061,4
9432965,4
3921771,3
8737851,2
6417290,3
8200492,2
6289538,8
8148528,4
7858835,4
1747826,4
3404144,2
4927297,3
4379926,2
4590628,4
2861568,4
7372853,1
7458590,1
1663444,5
1954671,2
9534389,5
4440469,5
6911002,3
6506962,6
6873371,3
2558394,6
5928355,1
2730629,8
2887054,1
9081896,8
2010842,1
3328045,3
7979050,8
7445771,3
5487695,3
6311296,8
5669823,5
1439803,8
1100307,7
3719103,3
4939663,5
3714863,4
6037749,1
5102011,5
6008427,6
8626176,5
6871035,3
9120178,3
2973144,2
1477737,3
6092465,4
9619031,4
8570580,1
7919104,1
5784116,1
4034884,3
7885052,5
2045301,5
1734216,1
2458520,5
9096904,4
3072713,8
9816674,1
5391693,1
7190584,3
6098989,4
3232636,4
6633867,6
7549422,5
1353108,7
7718064,4
9897445,4
2782107,1
8801512,5
6052304,4
5477095,6
9851912,3
3086736,2
7050628,1
9223108,5
9296761,4
5550174,2
5190340,4
2442967,1
5326794,1
1485482,1
6580351,6
2267344,4
5718337,3
7778217,5
7495136,3
2778684,5
8318246,1
9223019,4
5917202,4
3451505,1
4458141,4
8452295,3
9520687,1
9388773,3
6866690,5
8597423,1
7927494,3
4926533,2
2627424,1
1978280,4
8550483,5
7078672,7
1481263,3
5295354,4
2429001,6
9039997,4
8937573,3
4378243,8
9631943,1
9090028,1
9909348,4
5028253,6
3251975,4
2481213,2
1179021,1
4176811,5
2139531,3
4244487,2
1846044,1
7600464,1
9666087,5
8348481,8
7724593,1
2161141,5
6849923,5
2377295,4
8074873,2
4453611,1
9602946,6
1747574,5
8886078,1
9504893,1
6105985,2
7063873,1
5719712,5
4114165,4
1127998,6
5564600,4
7020187,3
4780105,1
3852965,4
7297503,2
5327558,5
5116356,2
8092694,4
4900267,3
8451957,3
7872090,3
9856907,2
4421425,2
1779075,5
3198882,3
9413479,3
3778443,1
5823453,2
7763462,6
6637297,1
7423733,1
5246550,4
1299786,1
5852389,1
3605795,3
4946444,3
4089804,8
2907615,6
2837491,7
4214244,6
7238916,3
8172728,2
8829613,1
7455057,1
9855281,2
6478568,1
6626728,4
2271340,6
7852897,2
6100068,1
7283084,8
5379885,7
4801878,4
5245190,5
1064361,5
8110114,1
1268847,3
9291835,1
8581461,1
5105273,5
2405194,1
3106660,4
7095905,3
4882538,3
7941209,3
4455029,1
6166029,8
2429171,2
1289275,8
3645158,3
6340051,3
4433846,3
3233752,1
5859734,2
6922024,1
7977020,8
5433899,1
3049538,4
6444637,2
3422708,4
8625516,2
4240944,3
9786721,2
7125395,2
7319611,6
2205138,2
3528674,5
2289237,3
5377228,4
4304629,8
6851511,8
8525600,5
5668726,2
1689675,4
9844036,2
7479333,1
5103657,5
4473289,3
5678599,1
2341010,1
5325432,3
2556473,1
2173145,4
9356739,3
1074657,1
4271186,1
3070767,1
7940841,1
5596504,1
4072076,1
7963968,5
9063055,1
3945756,6
7852778,8
1452590,2
2690235,7
4399930,3
2794272,1
2231965,1
5540166,7
2207782,7
5459889,1
2038966,4
4538708,4
3295076,3
3014272,4
4519967,7
9170567,1
8655192,3
2679045,1
5222184,5
7073206,1
4709906,1
5893839,4
9220363,7
1339263,1
3830194,1
9386369,5
8721008,5
3621797,2
2689194,4
9038500,2
9193717,5
5133832,6
3508381,3
6017718,1
6142371,3
5441126,4
5802393,2
1341525,1
3445722,1
1520004,1
1499758,1
3557229,4
5450979,3
9623540,2
7160399,4
7978665,1
6055900,5
1419446,5
3085062,1
3195542,4
2527295,8
5445964,6
8480090,1
2710034,8
8647581,3
3557751,1
6879044,2
3490262,4
4348138,7
1636077,5
4625050,1
3470127,5
2341890,1
6703295,8
1426549,7
2696916,5
4856399,8
6080867,1
2942936,2
7076343,1
2554021,1
6938240,3
4149047,1
5787562,2
8398244,8
4123392,3
3097182,4
9285291,6
5710980,1
5847928,4
8526986,5
9307033,5
9140624,2
7571818,8
1562294,1
2638568,1
4344774,4
2875782,3
6778360,4
9273897,1
1817099,1
3883077,3
7707920,6
8116520,8
4401981,6
4226542,1
4742759,6
1330781,5
4677100,1
2320687,5
5002013,3
6176879,3
3176740,2
7195148,4
4629032,1
9982891,4
3459284,3
7192780,1
1967656,1
3296736,6
7641536,3
5728272,4
7129638,1
2292282,1
4020017,1
5430311,2
6390821,2
9597061,5
5947135,1
4728097,5
3562053,5
1247418,3
2199513,2
1836336,4
2338539,2
3390865,5
2667147,1
2052287,6
2908032,5
9446038,3
1098942,3
6276125,3
7825520,5
3853800,1
5596607,1
4004954,5
7465706,4
9131279,4
4710635,1
5079929,6
6975670,2
4955786,2
5847720,1
8330256,4
9352502,4
5107947,8
5051031,4
9715435,6
5653713,4
1629176,1
3118146,5
8448878,8
8794019,3
5998268,8
1892760,7
5180539,2
1440995,1
2106594,1
1586066,1
5139355,2
8434195,3
7945441,1
3501022,4
7614078,2
5437014,2
6694593,2
5764527,2
9529131,1
4564346,2
2263802,5
3286484,5
4253390,5
2863229,1
6235906,3
6965531,8
6378498,5
9568388,3
7405393,7
1697244,5
2289132,5
9900087,1
2205193,1
1407057,1
8087828,3
7212825,2
9324752,6
1468325,1
1973721,3
7127896,1
7272555,6
2650399,3
3789914,2
7060133,1
4323537,4
5683878,3
6069105,5
3834720,4
6220990,2
2137391,3
1571913,5
1640278,1
7519788,1
9024909,2
7975113,2
9965537,7
6733905,2
5441125,5
2660987,5
3554922,4
3378326,2
8980883,5
8575808,5
2774595,4
3723531,6
6850099,1
4880408,8
1894817,6
5112810,1
5809581,8
1515450,2
8920030,4
8020731,3
3979784,3
8682192,1
9751741,7
2131876,7
2755329,1
3272761,5
3584372,5
9487233,5
2847872,1
3709224,3
5796468,1
3079740,3
8321178,1
3668101,1
4869532,1
8299341,5
6073095,2
1044804,6
1188856,6
8492052,4
8432856,3
5007935,3
1516520,2
4486377,3
8022584,1
3632582,6
4944470,3
6529382,2
4738097,1
7705559,3
6316264,1
1051564,1
4104417,1
8003022,7
8619483,2
9366555,4
3768611,1
4178522,1
7217138,4
5692447,1
4468638,6
9907625,1
7846308,2
5374371,5
5972067,4
8504963,8
7951042,5
8180030,5
6196114,2
5373777,1
3980617,4
8546840,4
6962009,5
2757449,2
6518582,1
9159112,3
6862594,6
9374057,3
5712722,2
2478245,3
8131426,1
9270851,3
6120546,2
4474986,4
3373720,6
5178136,4
4358611,4
3455301,4
4172699,2
7084850,5
2469035,1
2222192,5
5356920,1
5586789,2
8853555,3
5863314,3
4703417,3
4156925,1
8132388,3
2616683,5
5914724,5
6888396,2
7392406,2
5380948,2
5420296,3
6000349,1
4176182,8
5418558,7
5965604,4
4046137,2
3750192,1
7305971,1
5612895,2
3826367,1
7466813,3
2468605,4
1697402,6
3429387,2
2097459,3
2277295,8
2668559,4
9729916,2
2940925,5
8278214,2
3439868,1
3560411,3
2200308,1
6469395,2
8440349,2
2478202,5
1165109,1
2217973,4
8463473,3
7588917,5
9667486,1
6564459,1
6619691,5
3587177,1
1785257,5
1676168,4
7827572,6
3600432,5
3046575,2
8321330,2
7862619,5
9230092,5
9167613,1
9913698,3
2775589,5
8126606,1
1255706,7
8699495,5
6235378,1
8932454,2
4373673,1
4819842,5
6848626,1
6674042,3
1358230,5
9851894,1
7683404,4
6389381,1
4988659,5
9620816,4
7779684,7
1432733,1
8278484,6
3813641,2
4802403,4
2444290,1
6268549,1
4548109,6
3754447,5
3297132,1
2399594,6
1718168,5
5194332,8
4219914,3
6617294,5
6756907,6
3792092,2
5693345,1
7702049,1
6998392,3
5997433,1
6142965,7
7130520,3
6241590,6
2703658,3
6116652,1
8359712,2
1907477,2
3294892,5
5052945,7
9267842,3
7026372,4
2428397,3
2200962,1
8041144,3
2045735,1
6499921,2
2596542,3
5911288,3
8964875,3
7374661,5
9536940,1
5713244,3
4157466,3
4095095,1
7209385,1
5553853,1
3935254,3
1870457,1
2082240,5
8991130,5
6141202,1
8044621,4
7171270,2
7212458,4
1113581,2
1275220,1
2896537,5
5039704,4
8014643,3
2198575,2
8075958,6
3104940,1
9148133,5
3938338,1
8853281,8
4547598,1
3464049,3
2093901,4
2018551,7
2608264,2
6837790,3
6513936,4
9091127,4
7782518,4
4569163,4
5900775,1
4673499,2
4496804,6
8100898,1
3208769,6
1239002,1
7100405,8
4323306,4
7801681,5
1480561,1
2701987,5
8987786,3
4145802,3
1353149,3
5336029,7
9283748,5
8746468,5
4179663,8
2600408,1
8250598,3
7389159,1
4981657,2
7590375,2
5892193,3
1589948,1
7182287,1
2815175,1
2676533,1
6609075,1
6330691,1
5547449,2
8588310,4
7805181,6
4598392,5
7694307,3
9747619,6
8524948,5
3474421,8
9471382,5
6425295,5
8516836,5
9512847,1
7567006,3
9179550,1
6054606,6
3939780,6
4908684,3
1097338,3
9426657,1
9900899,1
5437396,7
8118716,1
8524492,5
8563689,7
1730480,7
5686919,1
6210961,1
3041569,5
1526918,3
2716480,5
4045647,4
3908606,3
8117406,4
8561694,4
8027907,1
2299374,2
4444229,1
9822128,1
5250549,1
9102089,1
4353938,8
1695721,6
2893944,5
4767673,3
7351186,4
5759659,5
3841591,5
2734454,2
7269272,8
1371194,1
3698349,6
1510840,4
4821373,1
4447881,4
7815563,1
2295502,3
5802043,1
2266684,4
6295901,7
5855312,5
9954509,1
4880344,5
5833066,6
7190032,3
2407586,2
5879787,6
7438810,1
5371441,3
8353576,1
6246118,1
7790749,5
3069527,1
6774323,1
1897658,2
3691724,2
2755582,1
6390409,4
7780613,4
8957660,5
7360060,1
8593267,5
3298327,3
6195190,4
8303867,8
7862361,3
8479900,5
7344528,7
2475644,2
2570478,2
8037456,1
8291282,4
9107962,1
2020685,3
6882415,4
2162403,1
2067679,7
9429467,3
8225108,1
9735521,5
9483594,6
3193704,3
1252689,2
6636299,3
9697720,1
7515530,2
7282254,3
2051388,5
6307062,5
9080901,3
9603987,4
6860297,8
2165616,1
3589860,1
4863513,8
6424199,5
4022853,4
2311920,8
6815754,5
2491184,8
6009631,1
9380394,5
8370253,3
1598885,2
3193255,1
8247217,2
8519779,1
9686932,2
2743409,1
5414682,1
7645021,8
8004066,8
7289148,1
8755522,1
4582435,3
5860246,4
4174888,3
1481062,1
5868395,3
5557590,6
2021894,7
6008306,2
8591887,5
2813424,3
2847596,8
2580617,4
6782948,3
3105929,4
7669726,5
3413618,1
6186530,7
3132036,1
8406545,2
6012271,2
4288278,7
9638979,3
7409268,7
8788519,5
6613548,2
2394389,1
7937595,5
8621991,1
1277476,3
9054811,1
7028051,1
6683196,2
6204633,2
5990446,1
9419671,5
8225541,3
1299264,3
8913368,1
4715724,6
8335451,4
9683453,5
6091846,1
2182779,1
5433475,1
2357727,5
5551909,3
9887551,4
1742361,6
5114289,2
1195178,1
9664506,5
1710206,1
7599145,1
7435874,6
8840346,2
8302713,1
1981892,5
9074104,3
4795329,4
6908758,1
5932627,1
6575763,2
1179250,1
5292119,3
1382389,1
4437973,2
6487140,2
5859173,6
3345389,1
1386923,8
4249334,4
5608675,1
7586001,1
6062826,2
8296899,5
5276490,3
3944264,6
3580136,4
6334902,5
1916363,5
1370454,7
4204049,5
1130867,1
7942714,2
7858196,5
1853048,7
2586559,8
1507499,7
5779424,5
9001890,8
2446758,3
3197284,1
5063671,1
6053607,4
9471467,1
5813382,1
5190835,1
6792816,3
2801277,1
5700044,3
2700340,5
9680411,5
7829286,1
1976548,5
1693995,5
6574496,1
4576943,3
5124735,4
7877396,3
9071046,1
5711635,1
9982474,1
8537775,5
1386222,1
6585207,7
7964507,1
5936857,3
9847354,6
7403740,7
8189953,1
7829502,1
3392499,1
5808596,4
6838521,3
7965194,7
2548267,1
6597740,5
8173315,1
4643346,1
2292766,4
9651278,3
1592201,3
4091932,4
8957685,1
3355472,5
9965430,1
5072639,3
7006498,6
2595205,7
2557435,4
2458208,5
5589274,8
7054626,7
8697743,3
3091062,1
6744654,5
7571166,1
5828827,8
2984858,1
8893820,3
3142628,1
3245533,1
4268627,1
3983775,5
5866519,6
2838907,2
9720994,2
7846945,5
9635132,5
5340861,8
7063255,2
4965991,5
7183322,3
5453871,8
6251035,4
1281045,5
6344879,1
7156350,4
6036489,1
5673468,3
1995581,4
2812842,1
9007311,3
3404244,5
7642626,2
3216295,8
6213255,1
2343850,6
4419208,2
3024678,1
2431304,3
6535444,5
1408852,3
5659977,4
5808819,3
8824152,1
6904974,6
3856653,3
6502556,4
6201474,1
2184114,4
7224818,5
1210487,1
6024103,1
9352727,1
5696100,4
4551675,1
1452633,1
6255066,5
2826295,5
9912225,5
5410163,3
7976141,6
4491222,1
9040474,6
9974565,5
9752306,1
8804864,3
1892409,3
9981322,3
2131552,2
9802171,5
6755822,3
1840460,5
2587924,4
4272334,1
6327657,4
4077584,4
9528771,1
8781102,6
4265579,1
5179765,6
2245545,4
7019567,2
4868140,4
7908536,2
7658832,6
2601389,1
7752212,4
9326576,1
6672206,3
7485372,8
1099582,3
8067808,1
5576272,1
4908737,1
8034129,4
8448386,1
5297223,8
1585157,5
9097097,1
2180840,3
4125802,5
7065155,1
9255244,4
2112277,2
1288940,3
8767806,2
1514471,2
9428177,3
5714330,4
4123338,4
6429952,5
4947054,4
7623306,3
9687943,3
7850123,1
3654023,5
9266476,2
4678326,8
4036539,6
9907840,8
1232021,1
3870032,8
2649816,1
4729019,1
1162406,2
9706104,3
3680798,1
2901688,8
4550790,7
2492870,1
9994038,7
2885103,2
3752374,5
5511176,3
8287095,1
4357204,3
6952758,1
6576192,1
2065977,3
4708833,5
6014987,5
8682809,1
8207623,5
2940708,4
4239873,3
6494818,2
8839085,8
5894204,6
9592579,6
4590699,1
4722312,2
1004071,5
2733911,1
9580541,1
1541607,1
3333727,1
3751305,3
1996941,3
3214356,8
2718089,5
9158933,1
2217013,3
1563277,5
1603973,5
7762176,1
8328296,3
2389672,5
6264876,4
4178109,1
5686110,1
1785637,1
8790113,5
3784209,1
8566148,3
4586897,7
6009251,2
5734109,3
3051625,1
1926608,5
1866938,1
1766070,1
1196073,1
3685834,1
9647792,6
7228612,3
4750743,2
6742755,5
7968635,4
2253506,3
4880808,2
8550982,8
3455286,4
6051016,2
9359443,2
3586479,2
6768249,3
2218674,6
6410570,3
3153403,5
3939241,8
3035452,3
7467359,5
5139620,2
6736263,2
7077371,6
2917027,6
1281883,1
9893852,5
6037157,2
2991231,1
4094616,3
5298973,7
5086338,1
3156484,2
9989458,3
7708626,1
1318506,1
8084703,1
9079139,2
7162181,4
8290154,4
3827221,4
6779874,3
3627423,8
6610294,1
8344668,1
2447598,2
3219451,6
1720090,3
1203600,4
7025962,1
9410540,1
5168992,5
7182449,1
9097713,5
3192518,1
5419018,6
8332702,1
4103189,5
5058091,3
6417506,3
6379175,1
6646752,6
3267882,2
4554309,2
7775581,4
1363075,6
2763085,1
7211976,1
6279312,1
6657276,2
2190273,2
1718622,1
6374405,1
4476881,1
6755145,1
5690499,5
4404129,8
8206232,2
3536196,2
3234171,3
6853294,2
4441680,1
9958077,4
4440735,5
9327340,3
3094103,1
6382131,1
5916214,2
2056545,1
2665293,3
9541181,8
6924397,3
1369041,5
7079587,3
1340846,5
3334656,1
3624576,7
1400759,1
6892307,1
6945468,4
7833037,1
8381334,3
8708514,3
6194110,2
4552320,1
1399960,7
6664301,8
3931083,1
9812262,3
9706790,5
2740200,1
5162883,5
4718157,2
9656244,1
4672946,3
6244724,2
4206366,3
3272414,4
7076865,3
3413820,2
2648577,4
8304229,3
6921226,3
9508076,1
6294961,5
9805029,4
6439045,5
8937284,4
5135702,3
3935602,6
8763007,2
7544321,1
6982492,2
4289116,1
6112137,7
3708902,1
6860956,3
5129538,7
4236113,1
8455337,1
8586104,1
9107287,3
1549838,1
9122029,3
2507804,3
9557377,2
8800823,1
6149227,6
1984511,5
5725290,2
7209072,1
9492044,1
2719538,1
7795068,2
7666238,5
3762710,1
8897854,1
1113953,4
2398970,3
9886490,5
2444176,3
1519602,5
9575407,1
6967816,5
7572401,2
8984301,5
7636522,5
2185874,6
5395756,4
2012478,1
7876659,2
4885166,6
5835068,1
9212051,5
3029615,8
3752931,1
7878420,1
7873324,1
2429101,8
5639811,2
5300892,8
4113101,1
9965649,4
3217927,8
9781942,3
9816544,3
7318510,4
2327112,4
8882887,3
6809731,1
5602135,3
4806193,3
8489634,1
5489072,1
1317438,6
8929659,4
3162850,1
7367908,4
7005873,4
6807014,2
2361053,3
2122642,3
7629389,3
8062698,1
4173317,1
4144367,2
9967103,2
1023853,3
2103170,5
8556116,4
7891106,3
9218732,1
8619597,3
5732396,4
9958061,4
2000037,3
6234166,2
9684273,1
9957632,4
3126348,2
6096723,1
7405648,1
9332187,1
4091205,1
1111369,8
5546811,1
1376591,5
4981871,6
8947091,2
6100183,1
9810607,1
8799971,1
7922847,2
5939744,2
3694030,4
4439218,2
3161614,1
1368035,6
2584074,4
9280845,5
1091681,5
3518717,1
5218451,4
2807497,1
4959855,3
8521795,1
1143041,4
7374592,1
7359521,6
5164724,5
8526244,2
7832292,5
4800932,7
6586998,2
9487270,1
2563325,8
6206384,1
7226350,1
1165154,2
7588892,4
6853058,1
7867153,5
9776161,2
7112128,5
9643233,4
6207418,4
3649629,4
6651782,1
2600577,3
2345325,1
5304454,2
6660242,1
7092214,5
3435202,5
4570731,1
6805633,1
7259884,6
9662575,1
7236377,8
5676705,1
4141073,1
1255635,4
4147967,1
1716718,3
2213476,6
7793951,3
4160533,1
8889138,1
6109049,1
7464267,8
3103688,2
5685725,3
3453173,1
5271782,1
6507984,5
3611634,4
6336168,1
8375463,3
4533493,8
5535411,2
8949671,7
4950096,1
2710509,3
8560179,3
3536211,5
4308858,4
1533179,6
4689271,2
3785752,1
8708847,4
2224790,1
6242053,1
2097092,6
7849845,3
7729793,4
9051310,1
6188459,2
7370436,1
3048331,1
5235451,1
4230689,5
1676803,1
2622900,2
1323905,1
2384675,3
5232298,1
1979215,1
5437402,1
8632181,6
4344552,3
4876929,4
2930953,4
9508711,1
7772152,3
3333534,5
2444868,3
7703492,5
6963971,5
3702014,2
9627218,1
5918808,1
4832865,5
9325409,5
9192432,1
5058862,3
3861302,5
7681898,1
2591105,1
8267621,6
1998080,1
2769085,3
3031189,7
9227838,2
5756616,1
3098523,2
9836034,1
1867189,3
8430890,3
7260763,1
9296741,1
2614340,2
1906752,1
5194378,3
8930341,1
9967565,1
8546791,3
6717317,1
4383019,5
2522956,1
5846965,4
7903886,4
4204312,1
8736209,4
5921464,5
9530615,7
6576625,2
9631599,1
2434180,8
4745595,1
8788867,6
6257525,5
7860516,2
5322861,6
8687042,1
2234449,6
4909582,6
9709307,5
9258413,8
5314334,5
4177368,1
5934855,4
6249833,1
7434569,2
1814401,1
3426583,3
9455868,5
9663542,4
3733244,3
8322785,3
8105143,1
4873488,3
1494838,4
9818201,1
8693612,2
4916034,5
6914639,5
6979283,2
6152972,5
2915026,1
3500513,1
8859587,1
9182814,1
4001610,1
7315719,7
6271508,5
3464439,2
8112881,6
5946228,1
2146090,1
6337096,1
7327036,1
4404061,8
4486575,1
4658876,2
8556969,6
6684101,5
3512859,1
2104758,4
9004101,4
1049995,8
1115672,5
6753959,1
5402638,4
1569870,1
6137595,2
6488162,4
8438160,1
1811839,1
2061752,3
5110967,5
2761635,3
6306038,2
5771948,8
5192306,3
2309655,7
8918283,1
3292931,1
2193469,6
1540307,4
7892043,4
7429445,1
7772890,1
7629090,5
4187758,2
3274209,3
6552798,5
1451825,8
3962174,4
6093948,4
8093984,1
2536942,5
7800099,3
5015094,5
8346185,5
5881848,5
7795560,5
1295625,1
1995962,2
2728476,1
3851233,4
7014023,5
5528605,1
8248641,5
1705232,8
5030552,1
4495957,1
7167202,2
3460512,4
2466176,6
3689964,3
9072965,5
8405010,4
8940260,4
7459405,1
6333721,3
7946896,2
4649223,2
8663001,8
8891359,3
5153518,5
4119141,4
6616890,6
6165237,1
7371565,1
3977931,1
6722239,8
7812317,1
9186790,1
6518541,8
4632910,3
9382769,5
3462716,5
6276179,3
8592046,5
9569211,6
9209966,1
4609046,8
1629302,5
2275652,2
3919037,2
4737397,3
3500440,1
5110053,3
2246452,1
5273380,8
4189277,8
9445200,2
4169812,5
6705860,1
4753076,1
8694829,4
6062817,2
7374627,1
7878812,1
3879532,2
6021747,6
2779993,1
9037933,6
5469587,4
2414506,1
5004973,1
7322258,2
6887175,3
4948193,2
8027705,5
5191468,5
5566179,8
2744753,6
4461167,1
8502357,3
7914437,3
5543171,3
7595328,3
8858994,3
2735505,8
7641327,5
7270139,4
2421119,1
2422771,6
5557496,2
9712525,4
8830679,7
3839728,3
2166141,3
9426198,7
9114395,3