,primary_identifier,next_month_plan
0,2003793,1
1,1776101,1
2,6945050,3
3,2472049,1
4,7197266,1
5,2099980,1
6,4515595,1
7,4155971,1
8,4203824,1
9,4397850,1
10,5564784,3
11,8042819,3
12,4887835,1
13,7876737,1
14,8586725,1
15,4192710,5
16,8692886,5
17,2734029,1
18,8619873,1
19,8591720,8
20,2736902,3
21,1302512,6
22,6236339,8
23,2515939,1
24,4007286,3
25,4189111,5
26,1198957,3
27,7630599,1
28,5179554,3
29,3849110,5
30,9921234,6
31,7846621,3
32,3063762,5
33,7230281,1
34,7645170,1
35,9834627,1
36,1561943,5
37,8159623,5
38,4745105,3
39,6238198,1
40,6536712,1
41,6835837,3
42,9840782,6
43,9817473,2
44,4677724,1
45,8757935,5
46,9670187,1
47,1530338,5
48,4057212,5
49,8766616,1
50,7031680,1
51,1491069,3
52,7532437,6
53,9660215,5
54,4478979,3
55,8803684,1
56,2673030,3
57,3225354,3
58,7152868,5
59,3179169,1
60,2224348,6
61,7604192,3
62,3982237,5
63,5566730,1
64,5654973,1
65,1776383,1
66,3854674,2
67,1919483,5
68,4651764,1
69,4474656,1
70,1795642,6
71,6065257,5
72,2785623,5
73,6818861,3
74,5879576,5
75,6302710,1
76,7664304,1
77,7612029,5
78,2827711,3
79,2466639,3
80,7181670,1
81,4657905,1
82,9911891,6
83,1812207,1
84,5788490,5
85,2018132,3
86,4750385,1
87,7389653,3
88,4829600,3
89,5870369,3
90,1664193,5
91,5738994,5
92,3891124,1
93,4956977,1
94,2280455,1
95,5442145,1
96,9690915,2
97,2879482,5
98,1676804,1
99,1413694,1
100,9095217,1
101,3440394,3
102,7639903,3
103,7843616,3
104,8658882,1
105,1129960,5
106,2195886,1
107,4147033,3
108,7484224,3
109,1053494,1
110,5054202,3
111,7522183,1
112,9272428,5
113,2668629,1
114,6887862,1
115,2408222,5
116,6827205,1
117,5479278,1
118,7293700,3
119,6211646,6
120,2287562,3
121,9906740,3
122,6712888,5
123,7215367,1
124,4619709,1
125,4991295,3
126,8862316,3
127,1405780,5
128,2823054,1
129,6666497,5
130,8970659,3
131,5808184,1
132,5629721,1
133,1354971,8
134,7028838,3
135,6628173,5
136,2450232,1
137,1158974,1
138,3553918,4
139,7451075,5
140,6551842,6
141,2712784,6
142,6403752,3
143,2917990,2
144,2290191,1
145,2806364,1
146,2547943,3
147,1106746,8
148,9535518,5
149,5828115,1
150,3576888,1
151,1261876,1
152,6435719,5
153,1906946,3
154,4965840,1
155,9299909,1
156,1472878,1
157,1754200,5
158,4550812,8
159,6195783,1
160,1827020,2
161,1143355,5
162,7463157,1
163,6548879,3
164,3315170,3
165,7683859,1
166,8096711,1
167,6037264,5
168,3882846,3
169,5924179,3
170,5703892,1
171,1145961,3
172,2437167,3
173,1280772,3
174,2527454,6
175,6522603,1
176,8349253,1
177,8041643,5
178,2504295,8
179,3880218,5
180,9117275,5
181,2941924,1
182,2318131,1
183,4759027,3
184,3193576,5
185,6501833,1
186,2086725,3
187,1741042,1
188,9227318,7
189,2159580,5
190,4113682,3
191,8022158,1
192,8762907,3
193,9452509,3
194,8942397,1
195,1349385,3
196,8647776,6
197,1693664,3
198,1006766,1
199,6504706,1
200,1175738,5
201,3112039,3
202,3651976,3
203,8932144,4
204,3136993,5
205,4370183,3
206,4669473,3
207,5221252,3
208,8266878,1
209,3586170,5
210,2713847,5
211,8937390,3
212,2461650,1
213,6694423,3
214,9887579,5
215,4426179,1
216,2957461,5
217,9060346,1
218,2532590,8
219,9320663,1
220,4365639,1
221,8781830,1
222,7822141,5
223,5455986,3
224,9846653,6
225,2210268,3
226,7014920,2
227,6971055,3
228,6847886,3
229,6256313,3
230,1204272,5
231,1687158,3
232,6337872,1
233,1324975,1
234,5513702,1
235,2706404,1
236,3580959,3
237,6263728,1
238,2113672,5
239,1390101,1
240,5119108,1
241,1949303,1
242,6140467,1
243,8037047,3
244,8006342,1
245,8095372,3
246,2511704,3
247,5216363,1
248,1558751,3
249,4929533,3
250,6191127,1
251,6852753,8
252,8307807,2
253,2832254,1
254,8320902,8
255,5356962,3
256,5871018,1
257,2963545,6
258,4576628,3
259,2958101,3
260,2614982,1
261,2048847,1
262,4468799,6
263,5807306,1
264,2920788,5
265,2775664,2
266,4495015,5
267,4265712,1
268,2325498,3
269,7104613,1
270,5835284,5
271,9696565,3
272,4175000,6
273,4868508,3
274,8385863,8
275,3951612,1
276,2830582,5
277,8017610,5
278,7393024,3
279,7245821,1
280,3674927,3
281,9120683,5
282,9108388,1
283,1755743,3
284,3674938,4
285,8678678,1
286,6944410,1
287,6993086,3
288,6928089,1
289,7550577,5
290,2329685,3
291,8411105,3
292,2454053,4
293,7991669,6
294,4249579,6
295,6022542,8
296,8761570,3
297,3441720,1
298,7746519,5
299,9442941,5
300,6442978,6
301,9818091,5
302,7716635,1
303,2952455,1
304,7780669,3
305,5027380,3
306,4972132,3
307,4073079,3
308,1596480,5
309,1685270,5
310,6762028,1
311,4415365,1
312,6944474,1
313,7149843,1
314,8552951,1
315,9733672,4
316,1672661,3
317,2263862,3
318,3170800,3
319,7449588,1
320,9275473,6
321,7072881,3
322,3938831,1
323,1354993,4
324,5913682,3
325,5894117,5
326,3475094,1
327,3627044,2
328,9624651,1
329,2126224,1
330,3672317,3
331,9598771,3
332,5403318,2
333,4843689,8
334,4162645,1
335,3321136,2
336,2427912,3
337,1391999,1
338,5829811,1
339,6182650,7
340,6782467,1
341,5241645,5
342,9856989,1
343,4470802,1
344,8718191,3
345,5235645,3
346,9152598,1
347,3638435,1
348,6259994,8
349,7155422,1
350,3519126,1
351,2692386,1
352,3221452,3
353,4355459,3
354,5652029,1
355,2546905,6
356,7629251,5
357,9567264,1
358,5887363,1
359,3029460,3
360,9880278,1
361,8536133,1
362,6957423,5
363,2029049,2
364,9632635,1
365,8540149,1
366,8007569,1
367,2094239,1
368,2087175,3
369,7748582,4
370,4271343,3
371,1138355,1
372,9236402,3
373,6939151,1
374,3869807,1
375,8639687,6
376,1867693,3
377,3503545,3
378,3488315,3
379,5393807,8
380,1861669,5
381,9346950,8
382,3093450,3
383,2250951,4
384,1405017,1
385,9887485,3
386,2721683,1
387,4348324,1
388,6590205,1
389,4546295,1
390,7890114,1
391,2791513,5
392,6865490,3
393,3031047,1
394,3690843,1
395,5656619,5
396,2024708,5
397,7387256,5
398,2237764,3
399,5622632,5
400,1966823,5
401,4638811,5
402,3541332,5
403,4799022,5
404,6174327,6
405,3077748,1
406,4004351,1
407,5569003,5
408,1439536,1
409,9725758,5
410,4107332,1
411,3914392,7
412,9646365,3
413,2278396,1
414,8764354,1
415,3197666,3
416,7351424,1
417,7155751,1
418,1934001,1
419,1786779,5
420,4512114,1
421,7151207,3
422,6529320,6
423,7343263,1
424,8415006,1
425,3931158,1
426,5611049,6
427,9434803,3
428,2644248,1
429,9624083,1
430,9760983,3
431,5492656,3
432,2896127,3
433,8393177,5
434,1002777,3
435,3944342,3
436,4071075,5
437,3900315,3
438,5530629,2
439,4065207,5
440,6953461,1
441,2863818,1
442,7749882,1
443,2251316,3
444,6466904,5
445,8566151,1
446,9190747,3
447,6249805,1
448,6618788,1
449,9989708,1
450,2083205,8
451,1497328,3
452,1957777,5
453,9239418,1
454,7018678,6
455,9691900,1
456,1060082,1
457,7473939,1
458,9730860,1
459,9706328,3
460,7386547,5
461,6996677,3
462,1492991,3
463,8817962,6
464,6251427,5
465,1266775,1
466,6701208,1
467,2693522,5
468,5425042,1
469,2092699,1
470,6277537,1
471,3244887,5
472,7124319,5
473,6296978,2
474,9108878,5
475,6389170,6
476,8996178,5
477,7819028,1
478,2773639,2
479,3196075,3
480,2552198,3
481,6368451,5
482,3443282,1
483,5704787,1
484,6721754,1
485,8854125,3
486,8093320,3
487,7836533,1
488,4200898,1
489,1698340,1
490,1447921,1
491,4980406,3
492,5635115,5
493,7828295,3
494,7397781,1
495,5324248,3
496,7036251,5
497,9421236,3
498,7194136,3
499,9023724,1
500,2260848,3
501,7566842,5
502,8898449,3
503,2669066,3
504,2424639,1
505,1155797,3
506,4058703,1
507,9317802,1
508,6376783,1
509,2684768,7
510,8339776,3
511,9765243,1
512,1286615,7
513,5595184,1
514,3113973,1
515,4442080,5
516,6354306,5
517,8235754,3
518,3221404,3
519,4939499,8
520,2061672,1
521,8846283,5
522,3599041,1
523,6669063,1
524,5390907,3
525,8126045,7
526,4695200,3
527,4648958,5
528,4705331,8
529,6137233,2
530,2136909,1
531,2173144,3
532,1655171,5
533,5638082,5
534,2990608,6
535,2895388,3
536,8512081,1
537,2223940,3
538,9426138,1
539,1944885,1
540,6578934,1
541,2242042,3
542,8435431,1
543,7411898,2
544,6086625,1
545,2011978,1
546,3511466,1
547,6689649,3
548,4803420,3
549,7298049,1
550,5449631,1
551,1359206,5
552,5684189,5
553,3788587,6
554,2767490,1
555,1971636,1
556,1229104,5
557,4007735,5
558,3256564,1
559,7904992,1
560,3058532,8
561,1416272,1
562,4895768,3
563,7621119,1
564,3573830,2
565,2524313,1
566,7938960,5
567,8120180,1
568,8068534,3
569,7975886,1
570,8280788,1
571,9626171,1
572,1388588,1
573,1001886,5
574,9612652,3
575,3316919,1
576,4276238,1
577,4368507,5
578,2420662,1
579,3313006,2
580,5115497,3
581,1442501,5
582,3496280,8
583,7788441,5
584,1863675,5
585,9332566,2
586,8575640,1
587,1600785,3
588,6418677,3
589,9928047,3
590,6545843,3
591,4384045,3
592,8762833,1
593,9010400,3
594,9527274,3
595,3960386,1
596,2866682,3
597,3433090,1
598,1753472,4
599,4080740,3
600,5949887,1
601,8125727,5
602,1374895,5
603,1701838,3
604,2046379,5
605,6438973,3
606,4722012,6
607,8513195,5
608,5817195,6
609,9595256,1
610,1674873,3
611,3359270,1
612,4339654,5
613,4480247,5
614,5119171,8
615,9602766,3
616,7450724,5
617,8053093,1
618,2393468,3
619,5411044,6
620,9054676,3
621,4694206,2
622,5427864,1
623,2158332,5
624,3716824,5
625,3111656,1
626,8780719,5
627,3108216,1
628,7574162,1
629,6835607,3
630,7697787,6
631,6340540,3
632,6344144,5
633,6298440,3
634,4683707,1
635,4959148,1
636,1751595,1
637,3170337,2
638,1784892,1
639,9272318,5
640,4505078,3
641,8250309,3
642,4644618,5
643,9426698,5
644,3765127,5
645,2742437,5
646,3939824,1
647,1554558,3
648,4442955,6
649,8131396,1
650,3380444,1
651,1624042,3
652,2088687,3
653,2633519,1
654,2967162,6
655,2228482,2
656,2883342,1
657,7770220,1
658,7082758,6
659,3783929,3
660,9054759,6
661,5286667,1
662,8398184,3
663,3993251,1
664,1305586,1
665,9883900,1
666,2386573,1
667,9535428,5
668,9000161,1
669,9325556,3
670,7591992,6
671,8763580,8
672,8120083,3
673,4471173,1
674,5526299,1
675,7255761,1
676,3858053,5
677,9340490,3
678,8953788,1
679,4387462,5
680,9825954,1
681,5337513,5
682,1325382,1
683,1372546,3
684,1514252,3
685,1987780,3
686,7098433,1
687,5671731,1
688,6486027,5
689,5886385,3
690,3801696,1
691,9715110,5
692,6146567,3
693,1256082,1
694,7673406,1
695,8586602,3
696,5669093,5
697,3897383,3
698,8013856,1
699,4871311,5
700,5827528,1
701,2237408,3
702,5768774,1
703,3883221,5
704,3720671,2
705,1889077,1
706,6280123,1
707,8453354,5
708,1045653,5
709,1354840,1
710,8254361,8
711,5348125,1
712,5862110,3
713,3472150,8
714,4251633,3
715,7446264,3
716,8421144,1
717,6904073,5
718,5709852,3
719,2163400,3
720,2993365,1
721,8597953,8
722,1211663,3
723,5785507,3
724,1802258,3
725,4867693,5
726,2853706,1
727,9669583,5
728,6124879,7
729,7341344,5
730,4367389,1
731,8978948,1
732,5133226,3
733,1830084,3
734,3970960,1
735,5669452,1
736,1609728,1
737,3164045,1
738,9947609,8
739,2100997,1
740,3762464,3
741,2297573,5
742,8664573,3
743,1259832,3
744,2616732,1
745,4207090,5
746,6681899,3
747,2346919,1
748,2269763,1
749,9488366,1
750,9237039,5
751,1998160,6
752,7128784,3
753,1966271,1
754,7959014,5
755,7522857,5
756,7633735,2
757,4698109,1
758,2927252,3
759,4613372,1
760,8348459,1
761,7778079,2
762,6714772,1
763,5075888,1
764,4744748,4
765,6182326,1
766,5818598,1
767,6968960,8
768,3143121,2
769,8578724,4
770,1751827,4
771,6543777,3
772,8568760,5
773,8762087,3
774,4912443,3
775,7620543,3
776,1040728,4
777,8186120,1
778,3286202,3
779,9046815,5
780,9555420,1
781,8444611,5
782,4740534,5
783,2116587,5
784,9916588,6
785,1458172,2
786,3352998,1
787,7622917,1
788,9762675,3
789,1895933,3
790,3156325,3
791,8902257,5
792,7304526,1
793,3360560,3
794,6704694,5
795,9366123,5
796,8693886,3
797,7318737,3
798,3097088,1
799,6975220,1
800,1255346,1
801,4453208,8
802,6985592,5
803,2566177,3
804,8844073,1
805,8471253,1
806,8160330,1
807,2617592,1
808,8804374,8
809,5185903,5
810,5125903,5
811,7787809,5
812,4692943,1
813,7627024,3
814,2945177,1
815,2746142,1
816,2816618,1
817,3884431,6
818,5172759,1
819,1583171,5
820,8080081,1
821,7263779,1
822,7069708,3
823,1566753,3
824,4300796,5
825,3939869,5
826,2524870,3
827,7264010,5
828,4992964,3
829,1895725,1
830,4713898,5
831,4900360,1
832,1258233,5
833,4931364,5
834,9627420,6
835,2686890,1
836,8753183,2
837,8736880,4
838,5448080,2
839,3222998,5
840,3106558,1
841,6323523,3
842,1019642,8
843,8034081,3
844,2121098,1
845,2764662,3
846,8464623,1
847,3748929,1
848,8308832,3
849,3577526,2
850,8162304,8
851,7723510,1
852,8968180,1
853,7805802,3
854,2824738,1
855,7892150,1
856,5324109,6
857,6131016,3
858,8097106,3
859,7466256,1
860,3432258,5
861,4450833,5
862,5658590,4
863,2871399,5
864,5658547,2
865,2952699,1
866,1292840,1
867,6769256,1
868,5590794,8
869,9777049,3
870,6009807,1
871,3872031,8
872,8718979,6
873,1434701,1
874,8040649,6
875,6153286,3
876,9397510,3
877,4555283,3
878,2064431,5
879,1117648,1
880,3485538,1
881,7016586,1
882,6402963,6
883,7354922,1
884,6316265,3
885,1160364,1
886,9040115,1
887,3415763,8
888,1152329,3
889,7096420,3
890,3652538,1
891,3828414,1
892,4383260,1
893,7389542,6
894,1048998,1
895,2237614,5
896,4919478,1
897,6783176,5
898,9663289,1
899,2281931,3
900,5161328,3
901,2556259,3
902,4004733,6
903,4271900,1
904,7764116,8
905,2672298,6
906,8776307,6
907,2877748,1
908,2254167,3
909,5856796,1
910,3654905,1
911,5867655,1
912,8258308,1
913,6512308,1
914,2015340,5
915,5513122,3
916,1942111,5
917,7639689,2
918,8640789,5
919,5962712,8
920,2693880,1
921,4176500,1
922,4721260,5
923,9949837,1
924,4157662,3
925,6130543,5
926,3435519,1
927,1454264,3
928,1322865,1
929,7569930,1
930,6119249,3
931,3071847,3
932,5205549,1
933,4867304,3
934,1846282,1
935,4729047,8
936,4757658,1
937,3329937,5
938,2682855,1
939,1280146,8
940,3457386,6
941,6539876,1
942,1188584,1
943,2229271,5
944,8470484,1
945,8094568,8
946,1822866,1
947,1661056,6
948,1232469,2
949,2545531,5
950,5274997,1
951,5803984,1
952,4156707,1
953,1432599,1
954,1734956,7
955,3756779,3
956,2057715,1
957,1315972,5
958,6507194,3
959,2151331,1
960,1284106,1
961,5967853,3
962,7898103,8
963,4057921,1
964,6502128,1
965,8815198,1
966,5282997,3
967,2982583,5
968,8127702,5
969,7711174,5
970,8449037,6
971,3479447,3
972,6683638,5
973,7521140,1
974,3936999,1
975,8538221,3
976,9940382,1
977,9762753,3
978,7284486,3
979,1736781,3
980,4167630,1
981,3008199,1
982,5894892,1
983,9674746,1
984,5288888,5
985,9134239,8
986,3741122,3
987,6592486,5
988,7168904,1
989,8845366,1
990,9285370,1
991,7110293,1
992,9576287,5
993,8178171,3
994,8686880,1
995,8829281,1
996,6678319,1
997,1974237,1
998,2421890,8
999,5586005,5
1000,3928418,1
1001,5883526,1
1002,7170016,5
1003,4186571,2
1004,7926346,1
1005,3115369,3
1006,8279090,1
1007,6469019,3
1008,9858577,1
1009,4719043,5
1010,7673173,5
1011,1490833,3
1012,5319693,1
1013,2393507,5
1014,8703921,8
1015,1923392,5
1016,8228508,3
1017,6662514,5
1018,4485763,5
1019,4836100,1
1020,2816376,6
1021,9915285,5
1022,9009342,5
1023,3467921,2
1024,9461844,5
1025,3676321,3
1026,1356190,1
1027,3194038,3
1028,9371903,1
1029,1604609,5
1030,8664804,1
1031,9223341,5
1032,6335994,3
1033,2216515,5
1034,2990622,2
1035,1332029,5
1036,8293855,3
1037,4791765,3
1038,4947622,3
1039,8636139,3
1040,1282004,1
1041,3421133,3
1042,2430446,1
1043,9180188,3
1044,3469525,1
1045,6958121,1
1046,8814230,3
1047,5036929,5
1048,7480536,3
1049,2895098,3
1050,9510622,1
1051,9039442,5
1052,2267371,2
1053,3580928,1
1054,1172674,6
1055,7335619,1
1056,6511318,1
1057,8640221,1
1058,2680770,6
1059,1751278,4
1060,4478514,3
1061,6239701,5
1062,6694510,3
1063,5026807,1
1064,9335789,1
1065,2763128,1
1066,2204258,5
1067,6380189,3
1068,9630834,1
1069,5811674,1
1070,3525385,1
1071,1640005,1
1072,3969986,3
1073,8092047,1
1074,4111746,1
1075,2940321,1
1076,3748096,1
1077,9537415,5
1078,4144523,1
1079,7818447,6
1080,7569784,3
1081,3622036,1
1082,2081025,5
1083,4093004,5
1084,8137449,3
1085,5767114,3
1086,3036745,1
1087,6067896,3
1088,1510140,1
1089,2062461,6
1090,1163055,5
1091,1949604,3
1092,1474541,3
1093,6934280,1
1094,5854276,1
1095,5853240,1
1096,5781329,8
1097,8600364,3
1098,7913541,5
1099,3171804,5
1100,5115022,3
1101,7110014,5
1102,1225702,3
1103,6532115,1
1104,6615532,3
1105,1559108,5
1106,8894971,1
1107,5904940,3
1108,9027549,3
1109,3160181,6
1110,1352049,1
1111,4050637,8
1112,9663318,1
1113,4139673,8
1114,2960993,1
1115,9709014,1
1116,6553628,3
1117,9404418,5
1118,8593600,1
1119,9724874,5
1120,1464296,1
1121,2545980,6
1122,5836874,3
1123,4386516,3
1124,3314287,5
1125,2506408,1
1126,4811346,5
1127,5480406,1
1128,1056808,1
1129,5371839,1
1130,1473306,5
1131,2570670,6
1132,4652901,3
1133,5756644,3
1134,7553648,1
1135,4026620,1
1136,1704222,1
1137,1291291,1
1138,7341481,3
1139,6364159,1
1140,8972778,5
1141,6465092,7
1142,6849052,1
1143,5616287,1
1144,4374015,1
1145,2683787,1
1146,7730237,3
1147,7712476,8
1148,5421459,3
1149,4847450,5
1150,2172055,3
1151,2252599,1
1152,3567763,3
1153,8076750,3
1154,8252506,1
1155,1854532,4
1156,9022604,3
1157,5554221,1
1158,3096569,4
1159,7434892,3
1160,6823707,3
1161,4907467,3
1162,5965357,5
1163,7152553,6
1164,3429081,1
1165,6925687,1
1166,1863053,1
1167,1819976,3
1168,9764723,3
1169,3783734,1
1170,7553293,3
1171,6917634,1
1172,1439462,3
1173,6669201,1
1174,9185436,5
1175,7069576,8
1176,4617163,1
1177,5118470,1
1178,5390835,5
1179,5972572,1
1180,1164413,1
1181,2812587,1
1182,5937144,1
1183,6136442,1
1184,3618596,1
1185,3743834,3
1186,4439620,5
1187,8913967,8
1188,7700564,5
1189,1629103,4
1190,4983912,2
1191,2602359,1
1192,7045925,3
1193,1356298,1
1194,3864356,1
1195,9252963,1
1196,5782980,1
1197,3012617,1
1198,2089975,2
1199,4744162,1
1200,1382321,1
1201,8200188,5
1202,6027941,5
1203,2366677,1
1204,4008370,1
1205,7484466,3
1206,9532567,3
1207,2456211,1
1208,3676414,5
1209,1856167,1
1210,8631906,1
1211,1325747,1
1212,7191979,1
1213,3754900,1
1214,9545549,1
1215,4219275,5
1216,4662273,1
1217,1122957,1
1218,8320127,1
1219,7027312,1
1220,1371947,1
1221,5372218,1
1222,3879659,5
1223,2345907,6
1224,6732369,5
1225,8715398,3
1226,2299567,3
1227,2563602,6
1228,5214767,3
1229,8360587,8
1230,7772910,5
1231,6517612,3
1232,9495579,3
1233,5090507,5
1234,2717618,1
1235,3316401,5
1236,8484006,1
1237,7653926,6
1238,3458417,3
1239,3920003,5
1240,1629690,1
1241,5863503,1
1242,2919238,1
1243,3988759,3
1244,7254706,5
1245,3057815,6
1246,4247784,1
1247,6211584,5
1248,4672100,1
1249,9048287,1
1250,5129813,1
1251,6455710,3
1252,2333858,1
1253,6240553,3
1254,8963826,5
1255,6999523,3
1256,6810797,1
1257,3748120,5
1258,5906184,5
1259,8848337,6
1260,2451389,1
1261,2814967,5
1262,8738645,5
1263,1743998,5
1264,2761609,1
1265,1724376,2
1266,6685006,6
1267,5266980,3
1268,5069225,5
1269,2775542,1
1270,9261861,7
1271,9641995,3
1272,9630857,3
1273,3860065,6
1274,2493434,3
1275,9305275,3
1276,2461473,3
1277,9112304,1
1278,2721778,3
1279,2960687,1
1280,2754803,1
1281,4115824,5
1282,3361537,1
1283,6579971,1
1284,4160905,1
1285,6090464,1
1286,4298483,1
1287,8190664,5
1288,6428389,5
1289,5195675,5
1290,5101331,2
1291,1355880,5
1292,8092729,1
1293,8654570,5
1294,2838318,1
1295,8296508,5
1296,5861664,1
1297,3863130,3
1298,3542815,6
1299,3717835,3
1300,2297274,5
1301,3919570,5
1302,7207783,3
1303,6916939,1
1304,6371378,5
1305,5919333,1
1306,2733646,5
1307,9303339,1
1308,8717811,3
1309,2057864,5
1310,4239974,5
1311,6273113,1
1312,1017100,3
1313,9454511,1
1314,6593466,5
1315,5512832,3
1316,1469005,3
1317,7464803,1
1318,8580106,5
1319,6682669,1
1320,8713072,8
1321,2232153,1
1322,5423780,8
1323,1067217,3
1324,8286341,8
1325,2760431,1
1326,3948841,5
1327,3044020,1
1328,9284235,1
1329,1957371,5
1330,7594298,3
1331,1586123,5
1332,9786429,3
1333,3213906,5
1334,9832775,5
1335,4925637,3
1336,4795850,7
1337,5599951,5
1338,8107522,1
1339,5421127,1
1340,5621517,3
1341,6800058,3
1342,4916781,1
1343,3574816,1
1344,5739511,1
1345,3663757,1
1346,5287984,1
1347,1013913,1
1348,7772319,3
1349,2328276,3
1350,8480185,3
1351,4991990,3
1352,4186540,3
1353,5220374,1
1354,3718918,3
1355,5994453,6
1356,8621654,5
1357,5022315,1
1358,1714122,5
1359,7136333,3
1360,7377958,5
1361,2899044,3
1362,1377815,1
1363,1178839,1
1364,1579413,3
1365,5758877,1
1366,2647297,1
1367,4589117,3
1368,9709159,5
1369,7528773,1
1370,2307486,3
1371,8119061,1
1372,6568305,6
1373,2562145,1
1374,1819641,3
1375,5287207,8
1376,7792008,1
1377,7763228,1
1378,7624961,8
1379,6299292,4
1380,5921811,6
1381,4986026,1
1382,5759986,5
1383,6326634,1
1384,5077035,7
1385,5644124,8
1386,2111163,2
1387,6112685,3
1388,4375399,1
1389,8362415,3
1390,6368930,1
1391,3186530,3
1392,5195806,1
1393,2613768,1
1394,4105708,1
1395,4386252,1
1396,7651807,7
1397,5833474,1
1398,2647093,1
1399,2569499,5
1400,1977426,1
1401,1579011,3
1402,8113016,1
1403,4989041,1
1404,6062305,1
1405,8035664,1
1406,3682041,1
1407,3259739,5
1408,9589446,3
1409,8212862,1
1410,8399418,3
1411,1450540,3
1412,9375691,1
1413,8973734,5
1414,3957170,1
1415,9629482,1
1416,2261872,3
1417,9223362,1
1418,5631497,3
1419,9333571,8
1420,3406150,1
1421,6951672,1
1422,2940580,3
1423,5223050,3
1424,1302032,3
1425,4571900,4
1426,3496582,1
1427,9517366,1
1428,1996499,3
1429,2796745,1
1430,3969848,5
1431,1027728,1
1432,3125656,1
1433,2676528,1
1434,2299929,1
1435,2601710,3
1436,1220757,1
1437,7291761,5
1438,4735966,5
1439,8698562,1
1440,6919442,8
1441,8858506,1
1442,8292069,3
1443,5918994,2
1444,5542882,3
1445,5303306,1
1446,5372330,1
1447,4322437,1
1448,4450360,1
1449,4246847,3
1450,9947895,3
1451,5775744,1
1452,9574825,6
1453,1295243,1
1454,2756762,1
1455,5618692,1
1456,8666118,3
1457,7589186,1
1458,3548790,1
1459,9422403,1
1460,5591905,5
1461,7808312,5
1462,5866924,1
1463,8257564,4
1464,4028636,3
1465,2934840,1
1466,2768719,1
1467,1553009,1
1468,7805102,1
1469,3065221,3
1470,2176099,1
1471,2636432,1
1472,9050803,3
1473,8990841,1
1474,9499913,1
1475,5996662,3
1476,8170869,1
1477,9606611,1
1478,9940400,1
1479,6245092,5
1480,4890642,6
1481,5568161,5
1482,5425069,5
1483,9030582,3
1484,4424375,5
1485,8251701,1
1486,6683730,5
1487,9471590,5
1488,8577702,3
1489,8330264,5
1490,6323476,1
1491,6949161,1
1492,9226769,1
1493,2062825,3
1494,9946657,1
1495,4995446,5
1496,6511075,3
1497,8512073,1
1498,3929143,1
1499,1310779,1
1500,9819361,5
1501,5625074,5
1502,3453157,1
1503,7933979,5
1504,3889379,5
1505,7817327,1
1506,6984428,1
1507,4145012,3
1508,9234724,6
1509,5042848,6
1510,7587421,1
1511,2748609,1
1512,6904088,5
1513,3823318,3
1514,2275601,5
1515,2377765,6
1516,4113586,1
1517,6098030,5
1518,3244118,4
1519,9922256,3
1520,9909225,1
1521,1034171,5
1522,1562891,3
1523,3132770,5
1524,6351078,5
1525,5059238,5
1526,1494258,1
1527,2897602,3
1528,4034031,5
1529,1291063,5
1530,8567924,1
1531,6446875,3
1532,7130508,3
1533,6787023,2
1534,6304133,1
1535,1403564,5
1536,6128174,1
1537,7239506,1
1538,1101821,1
1539,8951466,1
1540,3280120,1
1541,1381631,8
1542,9063075,1
1543,4133833,2
1544,3802885,1
1545,6686757,3
1546,1371498,3
1547,2220898,6
1548,2030916,5
1549,3045369,2
1550,2912681,5
1551,4480290,1
1552,1628312,3
1553,4104078,6
1554,8978315,3
1555,8224165,1
1556,7884349,2
1557,9994702,1
1558,1306848,4
1559,3777774,3
1560,9785745,6
1561,5780665,1
1562,2632385,1
1563,9272269,1
1564,8030531,3
1565,8760605,1
1566,9879146,1
1567,1103509,6
1568,7329718,6
1569,8134517,5
1570,8045453,1
1571,9086143,4
1572,4839990,1
1573,8185080,1
1574,6853376,3
1575,1774571,1
1576,8548230,1
1577,1511960,1
1578,3498144,8
1579,7758588,3
1580,1284478,3
1581,9569722,5
1582,8515295,1
1583,8384280,3
1584,3780578,5
1585,3573878,5
1586,6969840,8
1587,2314420,1
1588,3701183,1
1589,1975405,1
1590,4940245,3
1591,4086960,1
1592,5084396,5
1593,6809028,5
1594,3642287,2
1595,5116450,1
1596,2703264,5
1597,3548250,5
1598,8619859,5
1599,6395832,1
1600,2596101,1
1601,2739019,5
1602,8201188,5
1603,5846510,5
1604,3447202,1
1605,3329379,3
1606,4340129,1
1607,4741454,2
1608,7473979,3
1609,7591524,6
1610,5923078,1
1611,8976228,3
1612,1915571,1
1613,8350262,6
1614,4922089,1
1615,9504798,5
1616,5270434,1
1617,7189967,5
1618,7227591,1
1619,1918959,3
1620,4469334,5
1621,6421422,1
1622,9435214,1
1623,2198437,3
1624,5503508,3
1625,5436887,1
1626,3510566,8
1627,3832362,1
1628,6609938,5
1629,3996813,6
1630,5675175,5
1631,1534654,7
1632,5420098,1
1633,3552828,5
1634,6630672,1
1635,1989937,3
1636,3683316,2
1637,5440135,5
1638,2470290,5
1639,2886902,1
1640,3036721,8
1641,5470647,8
1642,9164100,1
1643,8336974,1
1644,4216990,3
1645,2602764,5
1646,7502670,1
1647,6462182,1
1648,7383436,1
1649,5609795,5
1650,4171567,1
1651,4896802,7
1652,1952068,1
1653,1146042,1
1654,3836735,5
1655,6610075,5
1656,4842618,5
1657,8848305,6
1658,3735759,1
1659,9770988,3
1660,3155754,1
1661,2065644,3
1662,5555107,3
1663,1606324,5
1664,9317370,5
1665,1241550,1
1666,5400183,1
1667,2974972,5
1668,3439003,3
1669,3528304,1
1670,4530260,1
1671,3170757,4
1672,9283971,3
1673,3029110,3
1674,1579154,2
1675,6687952,3
1676,1846531,5
1677,3836607,3
1678,3145190,1
1679,7209178,3
1680,5063597,3
1681,9917085,1
1682,8434251,1
1683,8912846,1
1684,7942168,1
1685,2317827,1
1686,9741681,4
1687,6915960,4
1688,9064654,3
1689,4847748,3
1690,6119130,5
1691,2126598,3
1692,8743443,5
1693,5718242,1
1694,6971678,3
1695,6608808,1
1696,3735616,1
1697,9371118,7
1698,6116444,1
1699,8338514,3
1700,4110555,3
1701,2432055,1
1702,2211530,1
1703,4685667,1
1704,8985884,5
1705,6870722,3
1706,8548765,5
1707,2735107,1
1708,1212058,2
1709,6232921,5
1710,1832180,5
1711,7970980,3
1712,2456820,5
1713,9132535,3
1714,9466769,4
1715,5397308,1
1716,3876917,8
1717,8952660,1
1718,8564204,3
1719,4461787,1
1720,7021104,1
1721,5247394,5
1722,1096874,1
1723,7209467,3
1724,8315218,3
1725,3254023,3
1726,7558923,1
1727,1435505,1
1728,2390783,3
1729,8722123,1
1730,3654229,1
1731,6844111,1
1732,1298343,1
1733,8703391,8
1734,6046979,3
1735,2289045,1
1736,8627945,5
1737,2997529,2
1738,1590925,3
1739,6466415,3
1740,3988099,1
1741,8196013,5
1742,3644478,1
1743,3301566,6
1744,8159889,5
1745,4882844,3
1746,2102905,1
1747,1792196,3
1748,7607677,3
1749,5881436,1
1750,6399245,5
1751,9992344,3
1752,2959553,5
1753,7750421,3
1754,2199125,3
1755,9660864,3
1756,2275904,1
1757,5154198,5
1758,3464492,1
1759,9423298,3
1760,7311952,5
1761,7654715,3
1762,6027519,3
1763,7974469,5
1764,4368820,1
1765,5454417,5
1766,7172954,1
1767,5685009,6
1768,9961291,3
1769,4694866,1
1770,6338443,7
1771,6990265,1
1772,9868319,3
1773,9800217,3
1774,2634149,3
1775,3900019,6
1776,4063481,6
1777,5259441,3
1778,6810778,1
1779,7741626,1
1780,7380506,1
1781,4627403,1
1782,4431170,5
1783,7186385,3
1784,9407514,1
1785,7732964,1
1786,2834620,4
1787,3109975,1
1788,4460522,5
1789,1718890,1
1790,9108157,5
1791,2120242,1
1792,9306954,3
1793,1413011,3
1794,9662488,1
1795,8801851,5
1796,5715602,5
1797,2118959,1
1798,3300296,3
1799,5173055,5
1800,5192288,5
1801,6132201,3
1802,2859415,2
1803,9694555,1
1804,8924099,8
1805,8902349,6
1806,6859760,5
1807,6550817,1
1808,3239189,2
1809,1271705,5
1810,4660583,1
1811,9558546,3
1812,7022929,3
1813,5034697,1
1814,2341931,1
1815,1490685,1
1816,3459935,6
1817,9273482,3
1818,8133748,1
1819,2595847,1
1820,1880694,8
1821,3382910,3
1822,3225790,5
1823,1312311,6
1824,3816196,1
1825,4902890,5
1826,4046012,1
1827,1795414,7
1828,6448322,1
1829,6764939,5
1830,1205840,6
1831,9901838,3
1832,9182818,5
1833,4842993,1
1834,6598474,1
1835,6378124,6
1836,6503487,5
1837,3361369,5
1838,9149525,5
1839,9078762,5
1840,5501712,5
1841,1418234,3
1842,4655161,6
1843,8584905,5
1844,2557467,1
1845,8444875,3
1846,6155933,1
1847,3959172,1
1848,7530311,3
1849,7387226,1
1850,7874002,1
1851,9582194,1
1852,9122667,5
1853,5016807,1
1854,5006284,1
1855,1546680,8
1856,4834325,3
1857,7241837,2
1858,9136219,3
1859,6280754,6
1860,5039601,3
1861,3086552,3
1862,8448663,1
1863,5484917,1
1864,5894844,3
1865,9977112,1
1866,6601857,1
1867,6109414,7
1868,6758275,3
1869,2030530,3
1870,4557186,3
1871,8442254,1
1872,5402568,1
1873,6228231,5
1874,7311804,4
1875,2849304,3
1876,2405098,1
1877,1224541,1
1878,9258398,1
1879,4452035,3
1880,7552004,1
1881,1530027,1
1882,4884691,3
1883,5246978,5
1884,7559453,6
1885,5187678,1
1886,4860264,1
1887,1098882,1
1888,5474212,1
1889,7113095,6
1890,7111756,8
1891,7262938,1
1892,9454605,1
1893,7784168,5
1894,6317146,1
1895,1439937,3
1896,7304568,1
1897,9136900,1
1898,8755193,5
1899,8625478,3
1900,8139964,3
1901,8227545,3
1902,2366991,1
1903,6671391,5
1904,8091056,1
1905,9715508,2
1906,6575011,5
1907,8891720,2
1908,3000646,6
1909,1088446,1
1910,5981448,3
1911,4039424,1
1912,8303710,1
1913,3470244,1
1914,3639948,1
1915,1880320,3
1916,1375630,1
1917,4903055,1
1918,4750315,5
1919,5408817,3
1920,7115914,3
1921,5861334,6
1922,4564590,7
1923,1970541,1
1924,2322265,1
1925,1601430,1
1926,5495936,5
1927,5167933,1
1928,4792434,6
1929,6214573,1
1930,9487477,5
1931,4021387,1
1932,6016797,8
1933,5630803,1
1934,1447163,5
1935,7494108,3
1936,9851090,5
1937,9981439,3
1938,4932819,1
1939,6984292,3
1940,1913069,3
1941,2047629,5
1942,3947027,1
1943,1633986,1
1944,5037518,1
1945,8458858,3
1946,3351351,3
1947,7063940,1
1948,6310781,3
1949,9669659,5
1950,1291947,5
1951,2888242,5
1952,8503642,2
1953,7626938,1
1954,2309680,1
1955,9041795,3
1956,8172371,5
1957,3292161,3
1958,9033582,5
1959,2316301,1
1960,4252014,1
1961,8216162,8
1962,5983523,3
1963,8731186,1
1964,2898455,1
1965,6211498,1
1966,6766973,5
1967,4629059,3
1968,7326615,1
1969,6832420,1
1970,8006849,1
1971,5608814,1
1972,8191333,1
1973,2239913,4
1974,5637696,8
1975,2990354,3
1976,3023822,3
1977,6500332,1
1978,6171645,1
1979,3421379,6
1980,7945137,1
1981,1803745,5
1982,7394961,1
1983,3448351,1
1984,1402009,1
1985,7267310,3
1986,3499422,3
1987,3419291,1
1988,9614906,1
1989,1159189,1
1990,9493421,1
1991,8147765,1
1992,6252908,5
1993,2055884,1
1994,8643525,5
1995,8047825,1
1996,6189653,5
1997,4495554,5
1998,7276273,1
1999,4695426,1
2000,2114819,1
2001,6138591,5
2002,1372261,1
2003,8592674,1
2004,4336869,5
2005,7874494,3
2006,5026063,8
2007,7220694,5
2008,5185664,3
2009,6332315,3
2010,8387020,1
2011,2953039,1
2012,8558047,1
2013,7250164,1
2014,2489848,4
2015,1963783,3
2016,2359396,1
2017,1658094,3
2018,7013317,1
2019,8194213,6
2020,2469093,1
2021,4354989,3
2022,1112367,3
2023,4051243,5
2024,6343846,5
2025,8324518,1
2026,6405299,1
2027,8843256,3
2028,9284382,1
2029,1330761,1
2030,8001853,1
2031,7053698,1
2032,3036492,1
2033,3700732,3
2034,3193127,1
2035,8256674,6
2036,5583544,3
2037,6836570,1
2038,9648298,1
2039,8987384,1
2040,2486234,1
2041,4142396,3
2042,5707584,5
2043,1281124,5
2044,3064840,6
2045,7868628,3
2046,7011751,3
2047,9081743,1
2048,1434439,8
2049,5500408,1
2050,2551051,1
2051,4996199,3
2052,8160672,3
2053,9924034,1
2054,3634671,5
2055,7744594,3
2056,9192662,3
2057,5761268,5
2058,5842615,1
2059,8971746,3
2060,8125635,5
2061,1214027,1
2062,3366687,1
2063,2803910,1
2064,1627911,5
2065,8811467,1
2066,5451258,3
2067,1787075,3
2068,7663422,1
2069,3919155,5
2070,9326790,3
2071,2162817,3
2072,8232851,5
2073,3410390,3
2074,8842989,1
2075,5567792,3
2076,3999304,3
2077,7144214,5
2078,4889175,5
2079,3373950,5
2080,1016489,3
2081,3848022,1
2082,7391339,3
2083,4371498,1
2084,2383391,1
2085,3253273,1
2086,6566585,1
2087,5724893,4
2088,7288599,1
2089,7109490,3
2090,2903281,1
2091,8589663,3
2092,7394014,5
2093,5202297,1
2094,9598376,1
2095,5530353,1
2096,3484625,5
2097,2554838,5
2098,1310016,5
2099,2633981,3
2100,5632407,1
2101,2622370,1
2102,5985610,4
2103,3152009,1
2104,1915728,1
2105,9672152,3
2106,6445876,3
2107,3178466,6
2108,4019778,3
2109,1222576,4
2110,8584874,1
2111,4546367,1
2112,4450213,5
2113,1515700,3
2114,6325374,1
2115,7472608,1
2116,8671982,3
2117,3330402,1
2118,6456330,1
2119,1899381,5
2120,9236554,5
2121,6990783,5
2122,2115525,3
2123,2553581,5
2124,3290760,3
2125,5035124,7
2126,2882999,3
2127,3226789,2
2128,1411668,5
2129,4199188,3
2130,5186172,1
2131,4700456,5
2132,3008645,4
2133,9566802,7
2134,6580763,3
2135,9833851,1
2136,4904111,1
2137,8022297,3
2138,3928148,1
2139,3250384,1
2140,9553929,3
2141,6803177,3
2142,7806854,6
2143,2880925,1
2144,6907101,8
2145,7776101,5
2146,5351849,1
2147,6032603,1
2148,9908403,5
2149,1041636,5
2150,7123097,1
2151,6457016,1
2152,3997091,1
2153,7738613,5
2154,2940984,3
2155,5682574,1
2156,2907307,3
2157,5202051,1
2158,6341564,3
2159,9518435,3
2160,7334502,5
2161,5847005,1
2162,7482714,1
2163,7159517,1
2164,3688954,5
2165,7828618,5
2166,5587144,3
2167,7907476,3
2168,6911623,1
2169,4413800,5
2170,9431624,1
2171,4823924,5
2172,8950925,5
2173,9973962,1
2174,1157928,3
2175,1954520,3
2176,8981889,1
2177,9391231,3
2178,2159642,6
2179,9803348,5
2180,6741713,5
2181,9629101,3
2182,4237365,6
2183,6290466,5
2184,4980346,3
2185,7343279,5
2186,9220784,3
2187,9951138,1
2188,5210901,5
2189,4561857,1
2190,9861945,6
2191,3591660,3
2192,2672307,3
2193,4970173,4
2194,8295707,1
2195,4308286,8
2196,3584124,5
2197,7259738,1
2198,7043531,5
2199,2427624,6
2200,9264204,1
2201,8967625,1
2202,4068874,1
2203,1155641,5
2204,9965129,1
2205,9735234,5
2206,1032068,5
2207,6519299,3
2208,1010446,3
2209,7240575,1
2210,5743936,1
2211,7223938,1
2212,7473502,5
2213,9511707,5
2214,6746208,1
2215,6055387,1
2216,7477557,5
2217,4154051,1
2218,2688471,1
2219,3463517,1
2220,6307097,1
2221,3684939,1
2222,1566231,7
2223,5066140,1
2224,1558295,1
2225,1762662,5
2226,1752891,1
2227,3806722,6
2228,8282567,3
2229,2009798,1
2230,7636337,1
2231,5266890,3
2232,7083101,5
2233,4124655,3
2234,2867175,7
2235,4934199,5
2236,6280265,5
2237,4125384,6
2238,7050270,1
2239,3722161,5
2240,7455444,1
2241,8714765,1
2242,2772493,3
2243,6733010,1
2244,3019892,4
2245,1437714,1
2246,3994989,1
2247,2332818,1
2248,2924480,3
2249,7766379,5
2250,2286932,1
2251,8020363,5
2252,5315456,8
2253,3949054,1
2254,3361963,1
2255,8801253,3
2256,8012470,1
2257,4892783,3
2258,4193519,3
2259,6362308,1
2260,3941134,1
2261,4646012,1
2262,5315139,1
2263,9156737,5
2264,4793889,5
2265,2106899,1
2266,1995537,3
2267,2451762,5
2268,3294642,1
2269,4395177,3
2270,9519293,5
2271,4218242,5
2272,5727648,1
2273,8242587,5
2274,6084229,1
2275,3549487,1
2276,8259614,1
2277,5799296,3
2278,8767354,5
2279,9209677,3
2280,6727477,1
2281,9094782,5
2282,7748953,5
2283,2278150,2
2284,9961218,1
2285,5275990,5
2286,4778756,1
2287,3623741,3
2288,7731542,5
2289,3621782,8
2290,8251314,1
2291,1048321,1
2292,9843112,8
2293,8767557,5
2294,3438612,5
2295,9801062,3
2296,9980880,1
2297,8621086,1
2298,9569771,1
2299,9609816,3
2300,3848596,1
2301,4895977,5
2302,2483965,5
2303,9246000,6
2304,3336645,3
2305,4157580,1
2306,6311637,1
2307,7971673,5
2308,4558422,1
2309,2614750,5
2310,1373910,5
2311,3402314,4
2312,4434387,3
2313,2247611,5
2314,7078621,7
2315,3258169,8
2316,3405072,3
2317,6961416,5
2318,6113168,1
2319,5340150,1
2320,1260303,1
2321,8303101,3
2322,8310188,1
2323,9640503,8
2324,8927822,1
2325,9020346,6
2326,9237944,3
2327,3146325,5
2328,4267832,3
2329,8581308,3
2330,2423390,5
2331,4236534,3
2332,1614449,2
2333,4424490,1
2334,3675631,5
2335,9567719,5
2336,6513450,5
2337,2798358,6
2338,2383789,3
2339,5728563,5
2340,7431291,5
2341,7333471,1
2342,6922319,5
2343,4180193,3
2344,8222585,1
2345,3976238,1
2346,8760394,6
2347,5393115,5
2348,3458046,3
2349,5482811,1
2350,5845025,6
2351,6227273,5
2352,1023645,1
2353,9351942,1
2354,5174900,1
2355,9675878,1
2356,1254547,1
2357,2117382,5
2358,7400304,5
2359,2882942,3
2360,6572554,3
2361,8725816,1
2362,6450681,3
2363,8660074,1
2364,7024726,1
2365,9549527,2
2366,9605351,1
2367,1235491,5
2368,6223556,5
2369,4384722,1
2370,7821334,3
2371,2604332,3
2372,1531090,1
2373,7464902,3
2374,3418221,5
2375,3074387,1
2376,5413064,1
2377,8973854,6
2378,6480857,1
2379,7503696,8
2380,1631826,5
2381,1423314,1
2382,7710525,4
2383,5821697,5
2384,6103240,1
2385,3330540,3
2386,8278023,3
2387,4084646,5
2388,6931810,3
2389,2711444,3
2390,2292591,4
2391,6195763,3
2392,6076433,1
2393,8288751,2
2394,4303832,1
2395,1435463,3
2396,9742636,3
2397,1417171,1
2398,2228962,5
2399,5024273,6
2400,4125405,8
2401,7011748,1
2402,2504062,3
2403,5345587,3
2404,6023687,5
2405,6230972,3
2406,2233887,6
2407,8533822,1
2408,6903971,3
2409,8205149,1
2410,9551358,3
2411,3141589,3
2412,6234125,8
2413,9918007,5
2414,7967983,3
2415,4183218,1
2416,3929987,6
2417,2087286,1
2418,3788706,1
2419,9960272,1
2420,1356142,7
2421,3476552,5
2422,1544276,5
2423,4914501,5
2424,6739647,3
2425,2761833,1
2426,3119788,1
2427,7758081,8
2428,6380585,1
2429,2384873,1
2430,9257482,1
2431,9132291,3
2432,9897229,8
2433,9722369,5
2434,8210715,2
2435,5578259,1
2436,2354602,1
2437,2112910,1
2438,7800438,3
2439,1604112,3
2440,3142105,5
2441,1312645,1
2442,3541798,5
2443,6861229,6
2444,8539609,1
2445,5083357,5
2446,2402674,4
2447,6681419,3
2448,6291750,3
2449,9676731,3
2450,1229335,3
2451,5905091,3
2452,9946718,5
2453,7999341,1
2454,8829063,8
2455,8749903,3
2456,9916812,4
2457,2271357,1
2458,5216777,1
2459,7820903,4
2460,2952576,5
2461,8822758,3
2462,2793980,1
2463,9474568,1
2464,2969255,1
2465,1471025,1
2466,4954950,3
2467,6280461,1
2468,1002441,5
2469,9496032,5
2470,1573353,1
2471,5445946,1
2472,6846934,3
2473,9463189,1
2474,3851280,6
2475,5818784,5
2476,6443175,3
2477,8624669,1
2478,1397664,1
2479,8082046,3
2480,1376828,8
2481,6965027,3
2482,8095467,1
2483,3569903,3
2484,8668236,5
2485,7806662,3
2486,5483449,1
2487,5000178,3
2488,4407167,1
2489,4313010,5
2490,5194248,7
2491,1070337,1
2492,4821206,1
2493,8001135,1
2494,9399985,1
2495,3304021,3
2496,4279077,1
2497,3479267,5
2498,1288493,5
2499,3528562,3
2500,8995435,1
2501,6957254,1
2502,4978661,1
2503,5796434,1
2504,5083838,3
2505,6564044,5
2506,5806109,5
2507,1143102,1
2508,1862236,7
2509,8181971,3
2510,4829363,1
2511,3517763,3
2512,5207680,3
2513,4784473,5
2514,8866041,3
2515,2794304,1
2516,8446960,3
2517,2088467,5
2518,5959916,1
2519,4344698,1
2520,9874969,5
2521,3033681,3
2522,8528509,3
2523,3878374,1
2524,4862500,3
2525,4091994,5
2526,5355180,5
2527,8423034,1
2528,9693930,1
2529,6532955,1
2530,5084247,6
2531,9583922,6
2532,8218130,3
2533,6468079,5
2534,9593058,1
2535,2206446,3
2536,3345516,1
2537,5006748,3
2538,8163838,1
2539,1948731,3
2540,4061430,5
2541,6354290,3
2542,7036877,3
2543,5614042,1
2544,2254615,1
2545,1524832,1
2546,2167310,1
2547,8334640,1
2548,4319181,5
2549,4063049,1
2550,3068137,3
2551,5187541,6
2552,9676708,3
2553,9463820,1
2554,4863747,3
2555,1017655,6
2556,6902418,1
2557,7601996,1
2558,2340210,3
2559,7771033,1
2560,4581219,5
2561,5264347,3
2562,1918705,3
2563,5873993,3
2564,5329362,3
2565,8972882,6
2566,6631552,1
2567,5277410,1
2568,6764083,1
2569,6285827,1
2570,4711232,5
2571,5317592,5
2572,8126751,1
2573,4959083,5
2574,7908772,3
2575,1606100,3
2576,5796190,5
2577,8598215,5
2578,5336966,1
2579,9649850,1
2580,6868763,5
2581,9241275,1
2582,9228217,5
2583,4290449,5
2584,1745948,1
2585,5012319,1
2586,5485322,1
2587,3099455,1
2588,3499543,1
2589,4963357,5
2590,9920516,3
2591,8183541,6
2592,2087147,1
2593,9276493,5
2594,8387516,4
2595,7837679,1
2596,5214009,1
2597,2709520,3
2598,8747733,3
2599,9166954,3
2600,9407325,1
2601,6016071,3
2602,3675988,3
2603,9521283,5
2604,1247238,1
2605,9787084,3
2606,7210739,6
2607,7316444,8
2608,1448090,1
2609,8228485,1
2610,3880058,6
2611,5635896,8
2612,5415630,5
2613,5206236,5
2614,2359341,3
2615,4779381,3
2616,9238711,6
2617,8648741,3
2618,8566425,1
2619,3215982,5
2620,2917663,1
2621,5854823,3
2622,7816829,3
2623,8241912,1
2624,2510428,2
2625,7784039,5
2626,3133222,1
2627,6121126,1
2628,4185250,1
2629,3460810,4
2630,2468388,5
2631,3201222,1
2632,2117279,1
2633,7223033,1
2634,1761898,1
2635,5055502,3
2636,8969702,5
2637,2080165,1
2638,9116025,5
2639,5410846,1
2640,9050833,7
2641,8836305,1
2642,5780752,8
2643,5776793,1
2644,4172503,5
2645,5467582,3
2646,2390605,5
2647,8950745,1
2648,6453228,1
2649,3611076,8
2650,3785011,5
2651,9630245,1
2652,3045993,1
2653,9288287,1
2654,1737718,3
2655,7457078,1
2656,7470961,5
2657,8959262,1
2658,1025114,5
2659,2549579,1
2660,2567912,7
2661,8620591,5
2662,8783369,3
2663,7737605,1
2664,9022019,6
2665,5333908,3
2666,1141437,3
2667,3652409,3
2668,9236723,5
2669,4975502,3
2670,3630725,3
2671,5384627,5
2672,8197164,3
2673,5158017,1
2674,1686376,6
2675,5864876,1
2676,2379539,1
2677,8426203,1
2678,5945765,1
2679,9663733,1
2680,6073241,3
2681,3706046,1
2682,8452707,1
2683,2829401,3
2684,6234830,6
2685,9308746,1
2686,1212727,5
2687,9745471,3
2688,7916222,1
2689,9321831,6
2690,2713964,5
2691,6479810,1
2692,4445243,1
2693,6192489,6
2694,5042899,3
2695,3681538,6
2696,1977313,3
2697,1907392,6
2698,8219644,1
2699,6515145,1
2700,2862825,1
2701,1660928,1
2702,2384186,3
2703,2055214,5
2704,6452480,1
2705,2738317,1
2706,6728775,3
2707,7103057,3
2708,5723255,1
2709,3084627,1
2710,9055660,1
2711,8101553,5
2712,7521787,3
2713,2971099,3
2714,8376615,3
2715,3265555,1
2716,4571841,1
2717,9287947,1
2718,4652725,1
2719,9004692,5
2720,4609917,6
2721,6225395,1
2722,1706465,1
2723,5807983,1
2724,1958798,5
2725,3190280,1
2726,7218232,1
2727,7747922,1
2728,9889630,3
2729,7141798,1
2730,2557419,1
2731,9079755,6
2732,1836921,8
2733,6482578,3
2734,6984111,5
2735,8380279,3
2736,8606447,4
2737,4912819,3
2738,3024013,5
2739,1719986,8
2740,1024374,1
2741,8732268,5
2742,6446587,5
2743,8170966,3
2744,8372400,1
2745,8224282,5
2746,7771323,1
2747,5183726,1
2748,4454059,1
2749,9086118,1
2750,3774643,1
2751,7125639,1
2752,5098376,3
2753,2175202,5
2754,5411105,1
2755,4307886,3
2756,6926843,3
2757,8081297,5
2758,4581140,1
2759,9096450,1
2760,3471837,1
2761,4005354,5
2762,8350614,6
2763,2864171,1
2764,3273193,1
2765,7268842,8
2766,4842280,6
2767,3269302,1
2768,5084476,1
2769,9082722,6
2770,8632477,1
2771,8095153,1
2772,1123061,3
2773,9432965,3
2774,3921771,3
2775,8737851,1
2776,6417290,3
2777,8200492,1
2778,6289538,7
2779,8148528,3
2780,7858835,3
2781,1747826,3
2782,3404144,2
2783,4927297,1
2784,4379926,1
2785,4590628,3
2786,2861568,3
2787,7372853,1
2788,7458590,1
2789,1663444,5
2790,1954671,1
2791,9534389,5
2792,4440469,5
2793,6911002,3
2794,6506962,6
2795,6873371,3
2796,2558394,6
2797,5928355,1
2798,2730629,6
2799,2887054,1
2800,9081896,8
2801,2010842,1
2802,3328045,3
2803,7979050,6
2804,7445771,3
2805,5487695,3
2806,6311296,8
2807,5669823,1
2808,1439803,8
2809,1100307,5
2810,3719103,3
2811,4939663,5
2812,3714863,3
2813,6037749,1
2814,5102011,5
2815,6008427,6
2816,8626176,5
2817,6871035,3
2818,9120178,3
2819,2973144,2
2820,1477737,3
2821,6092465,1
2822,9619031,4
2823,8570580,1
2824,7919104,1
2825,5784116,1
2826,4034884,3
2827,7885052,5
2828,2045301,1
2829,1734216,1
2830,2458520,5
2831,9096904,3
2832,3072713,7
2833,9816674,1
2834,5391693,1
2835,7190584,3
2836,6098989,3
2837,3232636,3
2838,6633867,5
2839,7549422,5
2840,1353108,5
2841,7718064,3
2842,9897445,3
2843,2782107,1
2844,8801512,5
2845,6052304,3
2846,5477095,5
2847,9851912,3
2848,3086736,1
2849,7050628,1
2850,9223108,5
2851,9296761,3
2852,5550174,1
2853,5190340,3
2854,2442967,1
2855,5326794,1
2856,1485482,1
2857,6580351,5
2858,2267344,3
2859,5718337,1
2860,7778217,5
2861,7495136,3
2862,2778684,5
2863,8318246,1
2864,9223019,3
2865,5917202,4
2866,3451505,1
2867,4458141,3
2868,8452295,3
2869,9520687,1
2870,9388773,3
2871,6866690,5
2872,8597423,1
2873,7927494,1
2874,4926533,1
2875,2627424,1
2876,1978280,3
2877,8550483,5
2878,7078672,8
2879,1481263,3
2880,5295354,3
2881,2429001,6
2882,9039997,3
2883,8937573,3
2884,4378243,8
2885,9631943,1
2886,9090028,1
2887,9909348,3
2888,5028253,5
2889,3251975,3
2890,2481213,1
2891,1179021,1
2892,4176811,5
2893,2139531,1
2894,4244487,2
2895,1846044,1
2896,7600464,1
2897,9666087,5
2898,8348481,5
2899,7724593,1
2900,2161141,5
2901,6849923,5
2902,2377295,4
2903,8074873,1
2904,4453611,1
2905,9602946,5
2906,1747574,5
2907,8886078,1
2908,9504893,1
2909,6105985,1
2910,7063873,1
2911,5719712,6
2912,4114165,3
2913,1127998,5
2914,5564600,3
2915,7020187,3
2916,4780105,1
2917,3852965,3
2918,7297503,1
2919,5327558,5
2920,5116356,2
2921,8092694,3
2922,4900267,3
2923,8451957,3
2924,7872090,3
2925,9856907,1
2926,4421425,1
2927,1779075,5
2928,3198882,3
2929,9413479,3
2930,3778443,1
2931,5823453,2
2932,7763462,5
2933,6637297,1
2934,7423733,1
2935,5246550,3
2936,1299786,1
2937,5852389,1
2938,3605795,3
2939,4946444,3
2940,4089804,6
2941,2907615,6
2942,2837491,5
2943,4214244,5
2944,7238916,3
2945,8172728,1
2946,8829613,1
2947,7455057,1
2948,9855281,1
2949,6478568,1
2950,6626728,3
2951,2271340,5
2952,7852897,1
2953,6100068,1
2954,7283084,6
2955,5379885,5
2956,4801878,3
2957,5245190,3
2958,1064361,5
2959,8110114,1
2960,1268847,3
2961,9291835,1
2962,8581461,1
2963,5105273,5
2964,2405194,1
2965,3106660,4
2966,7095905,1
2967,4882538,6
2968,7941209,3
2969,4455029,1
2970,6166029,5
2971,2429171,1
2972,1289275,8
2973,3645158,3
2974,6340051,3
2975,4433846,3
2976,3233752,1
2977,5859734,1
2978,6922024,1
2979,7977020,6
2980,5433899,1
2981,3049538,3
2982,6444637,1
2983,3422708,3
2984,8625516,1
2985,4240944,3
2986,9786721,1
2987,7125395,1
2988,7319611,6
2989,2205138,1
2990,3528674,5
2991,2289237,3
2992,5377228,3
2993,4304629,8
2994,6851511,1
2995,8525600,5
2996,5668726,2
2997,1689675,3
2998,9844036,2
2999,7479333,1
3000,5103657,5
3001,4473289,3
3002,5678599,3
3003,2341010,1
3004,5325432,3
3005,2556473,1
3006,2173145,3
3007,9356739,3
3008,1074657,1
3009,4271186,1
3010,3070767,1
3011,7940841,1
3012,5596504,1
3013,4072076,1
3014,7963968,5
3015,9063055,1
3016,3945756,5
3017,7852778,6
3018,1452590,1
3019,2690235,6
3020,4399930,3
3021,2794272,1
3022,2231965,1
3023,5540166,5
3024,2207782,5
3025,5459889,1
3026,2038966,3
3027,4538708,4
3028,3295076,3
3029,3014272,3
3030,4519967,7
3031,9170567,1
3032,8655192,3
3033,2679045,1
3034,5222184,5
3035,7073206,1
3036,4709906,1
3037,5893839,4
3038,9220363,6
3039,1339263,1
3040,3830194,1
3041,9386369,2
3042,8721008,5
3043,3621797,1
3044,2689194,3
3045,9038500,3
3046,9193717,5
3047,5133832,6
3048,3508381,3
3049,6017718,1
3050,6142371,3
3051,5441126,3
3052,5802393,1
3053,1341525,1
3054,3445722,1
3055,1520004,1
3056,1499758,1
3057,3557229,3
3058,5450979,3
3059,9623540,1
3060,7160399,3
3061,7978665,1
3062,6055900,5
3063,1419446,5
3064,3085062,1
3065,3195542,4
3066,2527295,4
3067,5445964,6
3068,8480090,1
3069,2710034,6
3070,8647581,1
3071,3557751,1
3072,6879044,2
3073,3490262,3
3074,4348138,6
3075,1636077,5
3076,4625050,1
3077,3470127,5
3078,2341890,1
3079,6703295,5
3080,1426549,5
3081,2696916,5
3082,4856399,6
3083,6080867,1
3084,2942936,1
3085,7076343,1
3086,2554021,1
3087,6938240,3
3088,4149047,1
3089,5787562,2
3090,8398244,5
3091,4123392,3
3092,3097182,4
3093,9285291,6
3094,5710980,1
3095,5847928,1
3096,8526986,5
3097,9307033,5
3098,9140624,1
3099,7571818,8
3100,1562294,1
3101,2638568,1
3102,4344774,3
3103,2875782,3
3104,6778360,3
3105,9273897,1
3106,1817099,1
3107,3883077,3
3108,7707920,5
3109,8116520,1
3110,4401981,5
3111,4226542,1
3112,4742759,5
3113,1330781,5
3114,4677100,1
3115,2320687,5
3116,5002013,3
3117,6176879,3
3118,3176740,1
3119,7195148,4
3120,4629032,1
3121,9982891,2
3122,3459284,1
3123,7192780,1
3124,1967656,1
3125,3296736,5
3126,7641536,3
3127,5728272,3
3128,7129638,1
3129,2292282,1
3130,4020017,1
3131,5430311,2
3132,6390821,5
3133,9597061,5
3134,5947135,1
3135,4728097,5
3136,3562053,6
3137,1247418,1
3138,2199513,1
3139,1836336,3
3140,2338539,2
3141,3390865,5
3142,2667147,1
3143,2052287,5
3144,2908032,5
3145,9446038,3
3146,1098942,3
3147,6276125,3
3148,7825520,5
3149,3853800,1
3150,5596607,1
3151,4004954,5
3152,7465706,3
3153,9131279,4
3154,4710635,1
3155,5079929,2
3156,6975670,1
3157,4955786,2
3158,5847720,1
3159,8330256,4
3160,9352502,1
3161,5107947,5
3162,5051031,3
3163,9715435,5
3164,5653713,6
3165,1629176,1
3166,3118146,5
3167,8448878,1
3168,8794019,3
3169,5998268,8
3170,1892760,6
3171,5180539,2
3172,1440995,1
3173,2106594,1
3174,1586066,1
3175,5139355,1
3176,8434195,3
3177,7945441,1
3178,3501022,3
3179,7614078,1
3180,5437014,4
3181,6694593,1
3182,5764527,1
3183,9529131,1
3184,4564346,1
3185,2263802,5
3186,3286484,5
3187,4253390,5
3188,2863229,1
3189,6235906,3
3190,6965531,7
3191,6378498,5
3192,9568388,3
3193,7405393,5
3194,1697244,5
3195,2289132,5
3196,9900087,1
3197,2205193,1
3198,1407057,1
3199,8087828,1
3200,7212825,3
3201,9324752,5
3202,1468325,1
3203,1973721,3
3204,7127896,1
3205,7272555,5
3206,2650399,3
3207,3789914,1
3208,7060133,1
3209,4323537,3
3210,5683878,3
3211,6069105,5
3212,3834720,3
3213,6220990,3
3214,2137391,3
3215,1571913,1
3216,1640278,1
3217,7519788,1
3218,9024909,1
3219,7975113,1
3220,9965537,8
3221,6733905,1
3222,5441125,5
3223,2660987,5
3224,3554922,3
3225,3378326,1
3226,8980883,5
3227,8575808,5
3228,2774595,3
3229,3723531,5
3230,6850099,1
3231,4880408,8
3232,1894817,5
3233,5112810,1
3234,5809581,8
3235,1515450,1
3236,8920030,4
3237,8020731,3
3238,3979784,3
3239,8682192,1
3240,9751741,5
3241,2131876,5
3242,2755329,1
3243,3272761,5
3244,3584372,5
3245,9487233,5
3246,2847872,1
3247,3709224,4
3248,5796468,1
3249,3079740,3
3250,8321178,1
3251,3668101,1
3252,4869532,1
3253,8299341,5
3254,6073095,1
3255,1044804,6
3256,1188856,5
3257,8492052,3
3258,8432856,3
3259,5007935,1
3260,1516520,2
3261,4486377,3
3262,8022584,1
3263,3632582,5
3264,4944470,3
3265,6529382,1
3266,4738097,1
3267,7705559,3
3268,6316264,1
3269,1051564,1
3270,4104417,1
3271,8003022,6
3272,8619483,2
3273,9366555,3
3274,3768611,1
3275,4178522,1
3276,7217138,3
3277,5692447,1
3278,4468638,5
3279,9907625,1
3280,7846308,1
3281,5374371,5
3282,5972067,3
3283,8504963,8
3284,7951042,5
3285,8180030,5
3286,6196114,1
3287,5373777,1
3288,3980617,3
3289,8546840,3
3290,6962009,5
3291,2757449,1
3292,6518582,1
3293,9159112,3
3294,6862594,6
3295,9374057,3
3296,5712722,1
3297,2478245,3
3298,8131426,1
3299,9270851,3
3300,6120546,1
3301,4474986,3
3302,3373720,6
3303,5178136,3
3304,4358611,3
3305,3455301,3
3306,4172699,1
3307,7084850,5
3308,2469035,1
3309,2222192,5
3310,5356920,1
3311,5586789,1
3312,8853555,1
3313,5863314,3
3314,4703417,3
3315,4156925,4
3316,8132388,3
3317,2616683,5
3318,5914724,5
3319,6888396,1
3320,7392406,2
3321,5380948,1
3322,5420296,3
3323,6000349,1
3324,4176182,8
3325,5418558,5
3326,5965604,3
3327,4046137,1
3328,3750192,1
3329,7305971,1
3330,5612895,1
3331,3826367,1
3332,7466813,1
3333,2468605,3
3334,1697402,6
3335,3429387,1
3336,2097459,3
3337,2277295,6
3338,2668559,3
3339,9729916,1
3340,2940925,5
3341,8278214,1
3342,3439868,2
3343,3560411,3
3344,2200308,1
3345,6469395,1
3346,8440349,1
3347,2478202,5
3348,1165109,1
3349,2217973,3
3350,8463473,3
3351,7588917,5
3352,9667486,1
3353,6564459,1
3354,6619691,3
3355,3587177,1
3356,1785257,5
3357,1676168,3
3358,7827572,5
3359,3600432,5
3360,3046575,3
3361,8321330,1
3362,7862619,1
3363,9230092,5
3364,9167613,1
3365,9913698,3
3366,2775589,5
3367,8126606,1
3368,1255706,6
3369,8699495,5
3370,6235378,1
3371,8932454,2
3372,4373673,1
3373,4819842,5
3374,6848626,1
3375,6674042,3
3376,1358230,5
3377,9851894,1
3378,7683404,1
3379,6389381,1
3380,4988659,5
3381,9620816,3
3382,7779684,5
3383,1432733,1
3384,8278484,5
3385,3813641,1
3386,4802403,4
3387,2444290,1
3388,6268549,1
3389,4548109,7
3390,3754447,5
3391,3297132,1
3392,2399594,5
3393,1718168,5
3394,5194332,8
3395,4219914,3
3396,6617294,5
3397,6756907,6
3398,3792092,1
3399,5693345,1
3400,7702049,1
3401,6998392,3
3402,5997433,1
3403,6142965,8
3404,7130520,3
3405,6241590,6
3406,2703658,3
3407,6116652,1
3408,8359712,1
3409,1907477,2
3410,3294892,5
3411,5052945,8
3412,9267842,1
3413,7026372,1
3414,2428397,3
3415,2200962,1
3416,8041144,3
3417,2045735,1
3418,6499921,1
3419,2596542,3
3420,5911288,3
3421,8964875,1
3422,7374661,6
3423,9536940,1
3424,5713244,1
3425,4157466,3
3426,4095095,1
3427,7209385,1
3428,5553853,1
3429,3935254,3
3430,1870457,1
3431,2082240,5
3432,8991130,5
3433,6141202,1
3434,8044621,3
3435,7171270,1
3436,7212458,3
3437,1113581,1
3438,1275220,1
3439,2896537,5
3440,5039704,3
3441,8014643,1
3442,2198575,1
3443,8075958,6
3444,3104940,1
3445,9148133,5
3446,3938338,1
3447,8853281,8
3448,4547598,1
3449,3464049,3
3450,2093901,3
3451,2018551,6
3452,2608264,3
3453,6837790,3
3454,6513936,4
3455,9091127,3
3456,7782518,4
3457,4569163,3
3458,5900775,1
3459,4673499,1
3460,4496804,5
3461,8100898,1
3462,3208769,6
3463,1239002,1
3464,7100405,6
3465,4323306,3
3466,7801681,5
3467,1480561,1
3468,2701987,5
3469,8987786,3
3470,4145802,3
3471,1353149,5
3472,5336029,5
3473,9283748,5
3474,8746468,5
3475,4179663,5
3476,2600408,1
3477,8250598,3
3478,7389159,1
3479,4981657,1
3480,7590375,1
3481,5892193,3
3482,1589948,1
3483,7182287,1
3484,2815175,1
3485,2676533,1
3486,6609075,1
3487,6330691,1
3488,5547449,1
3489,8588310,3
3490,7805181,6
3491,4598392,5
3492,7694307,1
3493,9747619,6
3494,8524948,3
3495,3474421,6
3496,9471382,5
3497,6425295,5
3498,8516836,5
3499,9512847,1
3500,7567006,3
3501,9179550,1
3502,6054606,6
3503,3939780,6
3504,4908684,3
3505,1097338,3
3506,9426657,1
3507,9900899,1
3508,5437396,6
3509,8118716,1
3510,8524492,5
3511,8563689,6
3512,1730480,6
3513,5686919,1
3514,6210961,1
3515,3041569,3
3516,1526918,3
3517,2716480,5
3518,4045647,3
3519,3908606,3
3520,8117406,3
3521,8561694,4
3522,8027907,1
3523,2299374,1
3524,4444229,1
3525,9822128,1
3526,5250549,1
3527,9102089,1
3528,4353938,3
3529,1695721,6
3530,2893944,5
3531,4767673,3
3532,7351186,3
3533,5759659,5
3534,3841591,5
3535,2734454,1
3536,7269272,6
3537,1371194,1
3538,3698349,6
3539,1510840,1
3540,4821373,1
3541,4447881,3
3542,7815563,1
3543,2295502,3
3544,5802043,1
3545,2266684,4
3546,6295901,5
3547,5855312,5
3548,9954509,1
3549,4880344,5
3550,5833066,5
3551,7190032,3
3552,2407586,3
3553,5879787,5
3554,7438810,1
3555,5371441,3
3556,8353576,1
3557,6246118,1
3558,7790749,5
3559,3069527,1
3560,6774323,1
3561,1897658,3
3562,3691724,1
3563,2755582,1
3564,6390409,3
3565,7780613,3
3566,8957660,5
3567,7360060,1
3568,8593267,5
3569,3298327,1
3570,6195190,3
3571,8303867,6
3572,7862361,3
3573,8479900,5
3574,7344528,3
3575,2475644,1
3576,2570478,2
3577,8037456,1
3578,8291282,3
3579,9107962,1
3580,2020685,3
3581,6882415,3
3582,2162403,1
3583,2067679,6
3584,9429467,3
3585,8225108,1
3586,9735521,5
3587,9483594,5
3588,3193704,3
3589,1252689,1
3590,6636299,3
3591,9697720,1
3592,7515530,2
3593,7282254,3
3594,2051388,5
3595,6307062,5
3596,9080901,3
3597,9603987,4
3598,6860297,8
3599,2165616,1
3600,3589860,1
3601,4863513,5
3602,6424199,5
3603,4022853,3
3604,2311920,5
3605,6815754,5
3606,2491184,8
3607,6009631,1
3608,9380394,3
3609,8370253,3
3610,1598885,1
3611,3193255,1
3612,8247217,1
3613,8519779,1
3614,9686932,3
3615,2743409,1
3616,5414682,1
3617,7645021,8
3618,8004066,8
3619,7289148,1
3620,8755522,1
3621,4582435,3
3622,5860246,3
3623,4174888,1
3624,1481062,1
3625,5868395,3
3626,5557590,5
3627,2021894,5
3628,6008306,1
3629,8591887,5
3630,2813424,3
3631,2847596,8
3632,2580617,3
3633,6782948,3
3634,3105929,4
3635,7669726,5
3636,3413618,1
3637,6186530,7
3638,3132036,1
3639,8406545,1
3640,6012271,1
3641,4288278,6
3642,9638979,3
3643,7409268,7
3644,8788519,5
3645,6613548,1
3646,2394389,1
3647,7937595,5
3648,8621991,1
3649,1277476,3
3650,9054811,1
3651,7028051,1
3652,6683196,1
3653,6204633,1
3654,5990446,1
3655,9419671,5
3656,8225541,3
3657,1299264,3
3658,8913368,1
3659,4715724,5
3660,8335451,3
3661,9683453,5
3662,6091846,1
3663,2182779,1
3664,5433475,1
3665,2357727,5
3666,5551909,3
3667,9887551,3
3668,1742361,5
3669,5114289,1
3670,1195178,1
3671,9664506,5
3672,1710206,1
3673,7599145,1
3674,7435874,5
3675,8840346,1
3676,8302713,1
3677,1981892,5
3678,9074104,3
3679,4795329,3
3680,6908758,1
3681,5932627,1
3682,6575763,1
3683,1179250,1
3684,5292119,1
3685,1382389,1
3686,4437973,1
3687,6487140,1
3688,5859173,5
3689,3345389,1
3690,1386923,8
3691,4249334,3
3692,5608675,1
3693,7586001,1
3694,6062826,2
3695,8296899,5
3696,5276490,3
3697,3944264,5
3698,3580136,3
3699,6334902,3
3700,1916363,5
3701,1370454,6
3702,4204049,5
3703,1130867,1
3704,7942714,3
3705,7858196,5
3706,1853048,8
3707,2586559,8
3708,1507499,6
3709,5779424,5
3710,9001890,8
3711,2446758,3
3712,3197284,1
3713,5063671,1
3714,6053607,4
3715,9471467,1
3716,5813382,1
3717,5190835,1
3718,6792816,3
3719,2801277,1
3720,5700044,3
3721,2700340,5
3722,9680411,5
3723,7829286,1
3724,1976548,5
3725,1693995,5
3726,6574496,1
3727,4576943,3
3728,5124735,3
3729,7877396,3
3730,9071046,1
3731,5711635,1
3732,9982474,1
3733,8537775,5
3734,1386222,1
3735,6585207,7
3736,7964507,1
3737,5936857,3
3738,9847354,5
3739,7403740,5
3740,8189953,1
3741,7829502,1
3742,3392499,1
3743,5808596,3
3744,6838521,3
3745,7965194,8
3746,2548267,1
3747,6597740,5
3748,8173315,1
3749,4643346,1
3750,2292766,3
3751,9651278,3
3752,1592201,3
3753,4091932,3
3754,8957685,1
3755,3355472,5
3756,9965430,1
3757,5072639,3
3758,7006498,6
3759,2595205,1
3760,2557435,3
3761,2458208,5
3762,5589274,6
3763,7054626,6
3764,8697743,3
3765,3091062,1
3766,6744654,5
3767,7571166,1
3768,5828827,8
3769,2984858,1
3770,8893820,3
3771,3142628,1
3772,3245533,1
3773,4268627,1
3774,3983775,5
3775,5866519,5
3776,2838907,2
3777,9720994,1
3778,7846945,5
3779,9635132,5
3780,5340861,6
3781,7063255,1
3782,4965991,5
3783,7183322,3
3784,5453871,6
3785,6251035,3
3786,1281045,5
3787,6344879,1
3788,7156350,3
3789,6036489,1
3790,5673468,3
3791,1995581,4
3792,2812842,1
3793,9007311,3
3794,3404244,5
3795,7642626,1
3796,3216295,8
3797,6213255,1
3798,2343850,5
3799,4419208,1
3800,3024678,1
3801,2431304,3
3802,6535444,5
3803,1408852,3
3804,5659977,3
3805,5808819,3
3806,8824152,1
3807,6904974,6
3808,3856653,3
3809,6502556,3
3810,6201474,1
3811,2184114,3
3812,7224818,5
3813,1210487,1
3814,6024103,1
3815,9352727,1
3816,5696100,4
3817,4551675,1
3818,1452633,1
3819,6255066,5
3820,2826295,5
3821,9912225,5
3822,5410163,3
3823,7976141,5
3824,4491222,1
3825,9040474,6
3826,9974565,5
3827,9752306,1
3828,8804864,3
3829,1892409,3
3830,9981322,3
3831,2131552,1
3832,9802171,5
3833,6755822,3
3834,1840460,5
3835,2587924,4
3836,4272334,1
3837,6327657,4
3838,4077584,3
3839,9528771,1
3840,8781102,5
3841,4265579,1
3842,5179765,5
3843,2245545,3
3844,7019567,1
3845,4868140,3
3846,7908536,1
3847,7658832,6
3848,2601389,1
3849,7752212,3
3850,9326576,1
3851,6672206,3
3852,7485372,2
3853,1099582,3
3854,8067808,1
3855,5576272,1
3856,4908737,1
3857,8034129,4
3858,8448386,1
3859,5297223,5
3860,1585157,5
3861,9097097,1
3862,2180840,3
3863,4125802,5
3864,7065155,1
3865,9255244,3
3866,2112277,1
3867,1288940,1
3868,8767806,2
3869,1514471,1
3870,9428177,3
3871,5714330,3
3872,4123338,4
3873,6429952,5
3874,4947054,3
3875,7623306,3
3876,9687943,3
3877,7850123,1
3878,3654023,5
3879,9266476,1
3880,4678326,8
3881,4036539,5
3882,9907840,8
3883,1232021,1
3884,3870032,7
3885,2649816,1
3886,4729019,1
3887,1162406,1
3888,9706104,3
3889,3680798,1
3890,2901688,8
3891,4550790,5
3892,2492870,1
3893,9994038,8
3894,2885103,1
3895,3752374,5
3896,5511176,3
3897,8287095,1
3898,4357204,3
3899,6952758,1
3900,6576192,1
3901,2065977,3
3902,4708833,5
3903,6014987,5
3904,8682809,1
3905,8207623,5
3906,2940708,3
3907,4239873,3
3908,6494818,1
3909,8839085,6
3910,5894204,6
3911,9592579,6
3912,4590699,1
3913,4722312,1
3914,1004071,5
3915,2733911,1
3916,9580541,1
3917,1541607,1
3918,3333727,1
3919,3751305,3
3920,1996941,3
3921,3214356,5
3922,2718089,5
3923,9158933,1
3924,2217013,3
3925,1563277,5
3926,1603973,5
3927,7762176,1
3928,8328296,3
3929,2389672,5
3930,6264876,3
3931,4178109,1
3932,5686110,1
3933,1785637,1
3934,8790113,5
3935,3784209,1
3936,8566148,3
3937,4586897,7
3938,6009251,1
3939,5734109,1
3940,3051625,1
3941,1926608,5
3942,1866938,1
3943,1766070,1
3944,1196073,1
3945,3685834,1
3946,9647792,6
3947,7228612,3
3948,4750743,1
3949,6742755,1
3950,7968635,3
3951,2253506,3
3952,4880808,3
3953,8550982,8
3954,3455286,4
3955,6051016,1
3956,9359443,2
3957,3586479,8
3958,6768249,3
3959,2218674,5
3960,6410570,3
3961,3153403,1
3962,3939241,8
3963,3035452,3
3964,7467359,5
3965,5139620,1
3966,6736263,2
3967,7077371,6
3968,2917027,6
3969,1281883,1
3970,9893852,5
3971,6037157,2
3972,2991231,1
3973,4094616,3
3974,5298973,7
3975,5086338,1
3976,3156484,1
3977,9989458,3
3978,7708626,3
3979,1318506,1
3980,8084703,1
3981,9079139,1
3982,7162181,3
3983,8290154,3
3984,3827221,4
3985,6779874,3
3986,3627423,6
3987,6610294,1
3988,8344668,1
3989,2447598,2
3990,3219451,6
3991,1720090,1
3992,1203600,3
3993,7025962,1
3994,9410540,1
3995,5168992,5
3996,7182449,1
3997,9097713,5
3998,3192518,1
3999,5419018,6
4000,8332702,1
4001,4103189,5
4002,5058091,3
4003,6417506,3
4004,6379175,1
4005,6646752,6
4006,3267882,1
4007,4554309,1
4008,7775581,3
4009,1363075,5
4010,2763085,1
4011,7211976,1
4012,6279312,1
4013,6657276,1
4014,2190273,1
4015,1718622,1
4016,6374405,1
4017,4476881,1
4018,6755145,1
4019,5690499,3
4020,4404129,5
4021,8206232,1
4022,3536196,1
4023,3234171,1
4024,6853294,1
4025,4441680,1
4026,9958077,3
4027,4440735,5
4028,9327340,3
4029,3094103,1
4030,6382131,1
4031,5916214,2
4032,2056545,1
4033,2665293,3
4034,9541181,6
4035,6924397,3
4036,1369041,5
4037,7079587,3
4038,1340846,5
4039,3334656,1
4040,3624576,5
4041,1400759,1
4042,6892307,1
4043,6945468,3
4044,7833037,1
4045,8381334,2
4046,8708514,3
4047,6194110,2
4048,4552320,1
4049,1399960,5
4050,6664301,8
4051,3931083,1
4052,9812262,3
4053,9706790,5
4054,2740200,1
4055,5162883,5
4056,4718157,1
4057,9656244,1
4058,4672946,3
4059,6244724,1
4060,4206366,3
4061,3272414,3
4062,7076865,3
4063,3413820,1
4064,2648577,3
4065,8304229,3
4066,6921226,3
4067,9508076,1
4068,6294961,5
4069,9805029,3
4070,6439045,5
4071,8937284,3
4072,5135702,3
4073,3935602,5
4074,8763007,1
4075,7544321,1
4076,6982492,2
4077,4289116,1
4078,6112137,5
4079,3708902,1
4080,6860956,3
4081,5129538,6
4082,4236113,1
4083,8455337,1
4084,8586104,1
4085,9107287,3
4086,1549838,1
4087,9122029,3
4088,2507804,3
4089,9557377,1
4090,8800823,1
4091,6149227,6
4092,1984511,5
4093,5725290,1
4094,7209072,1
4095,9492044,1
4096,2719538,1
4097,7795068,1
4098,7666238,5
4099,3762710,1
4100,8897854,1
4101,1113953,3
4102,2398970,3
4103,9886490,5
4104,2444176,3
4105,1519602,5
4106,9575407,1
4107,6967816,5
4108,7572401,3
4109,8984301,5
4110,7636522,5
4111,2185874,5
4112,5395756,3
4113,2012478,1
4114,7876659,1
4115,4885166,5
4116,5835068,1
4117,9212051,5
4118,3029615,8
4119,3752931,1
4120,7878420,1
4121,7873324,1
4122,2429101,8
4123,5639811,1
4124,5300892,8
4125,4113101,1
4126,9965649,4
4127,3217927,8
4128,9781942,3
4129,9816544,3
4130,7318510,1
4131,2327112,2
4132,8882887,3
4133,6809731,1
4134,5602135,3
4135,4806193,3
4136,8489634,1
4137,5489072,1
4138,1317438,6
4139,8929659,3
4140,3162850,1
4141,7367908,3
4142,7005873,3
4143,6807014,2
4144,2361053,3
4145,2122642,3
4146,7629389,3
4147,8062698,1
4148,4173317,1
4149,4144367,1
4150,9967103,1
4151,1023853,3
4152,2103170,5
4153,8556116,4
4154,7891106,3
4155,9218732,1
4156,8619597,3
4157,5732396,3
4158,9958061,3
4159,2000037,3
4160,6234166,1
4161,9684273,1
4162,9957632,3
4163,3126348,1
4164,6096723,1
4165,7405648,1
4166,9332187,1
4167,4091205,1
4168,1111369,3
4169,5546811,1
4170,1376591,5
4171,4981871,5
4172,8947091,1
4173,6100183,1
4174,9810607,1
4175,8799971,1
4176,7922847,1
4177,5939744,1
4178,3694030,5
4179,4439218,1
4180,3161614,1
4181,1368035,5
4182,2584074,3
4183,9280845,5
4184,1091681,5
4185,3518717,1
4186,5218451,3
4187,2807497,1
4188,4959855,1
4189,8521795,1
4190,1143041,3
4191,7374592,1
4192,7359521,5
4193,5164724,5
4194,8526244,1
4195,7832292,5
4196,4800932,7
4197,6586998,1
4198,9487270,1
4199,2563325,6
4200,6206384,1
4201,7226350,1
4202,1165154,1
4203,7588892,3
4204,6853058,1
4205,7867153,5
4206,9776161,1
4207,7112128,5
4208,9643233,4
4209,6207418,3
4210,3649629,3
4211,6651782,1
4212,2600577,3
4213,2345325,1
4214,5304454,2
4215,6660242,1
4216,7092214,5
4217,3435202,5
4218,4570731,1
4219,6805633,1
4220,7259884,6
4221,9662575,1
4222,7236377,2
4223,5676705,1
4224,4141073,1
4225,1255635,3
4226,4147967,1
4227,1716718,3
4228,2213476,5
4229,7793951,3
4230,4160533,1
4231,8889138,1
4232,6109049,1
4233,7464267,6
4234,3103688,1
4235,5685725,3
4236,3453173,1
4237,5271782,1
4238,6507984,3
4239,3611634,3
4240,6336168,1
4241,8375463,3
4242,4533493,8
4243,5535411,1
4244,8949671,6
4245,4950096,1
4246,2710509,3
4247,8560179,3
4248,3536211,6
4249,4308858,3
4250,1533179,5
4251,4689271,1
4252,3785752,1
4253,8708847,3
4254,2224790,1
4255,6242053,1
4256,2097092,5
4257,7849845,3
4258,7729793,3
4259,9051310,1
4260,6188459,1
4261,7370436,1
4262,3048331,1
4263,5235451,1
4264,4230689,5
4265,1676803,1
4266,2622900,2
4267,1323905,1
4268,2384675,3
4269,5232298,1
4270,1979215,1
4271,5437402,1
4272,8632181,5
4273,4344552,1
4274,4876929,3
4275,2930953,4
4276,9508711,1
4277,7772152,3
4278,3333534,5
4279,2444868,1
4280,7703492,3
4281,6963971,5
4282,3702014,2
4283,9627218,1
4284,5918808,1
4285,4832865,5
4286,9325409,5
4287,9192432,1
4288,5058862,3
4289,3861302,5
4290,7681898,1
4291,2591105,1
4292,8267621,6
4293,1998080,1
4294,2769085,3
4295,3031189,6
4296,9227838,1
4297,5756616,1
4298,3098523,1
4299,9836034,1
4300,1867189,3
4301,8430890,3
4302,7260763,1
4303,9296741,1
4304,2614340,1
4305,1906752,1
4306,5194378,3
4307,8930341,1
4308,9967565,1
4309,8546791,1
4310,6717317,1
4311,4383019,5
4312,2522956,1
4313,5846965,3
4314,7903886,3
4315,4204312,1
4316,8736209,3
4317,5921464,5
4318,9530615,6
4319,6576625,2
4320,9631599,1
4321,2434180,6
4322,4745595,1
4323,8788867,6
4324,6257525,5
4325,7860516,1
4326,5322861,5
4327,8687042,1
4328,2234449,6
4329,4909582,6
4330,9709307,5
4331,9258413,5
4332,5314334,5
4333,4177368,1
4334,5934855,3
4335,6249833,1
4336,7434569,1
4337,1814401,1
4338,3426583,3
4339,9455868,5
4340,9663542,3
4341,3733244,3
4342,8322785,3
4343,8105143,1
4344,4873488,1
4345,1494838,3
4346,9818201,1
4347,8693612,1
4348,4916034,5
4349,6914639,5
4350,6979283,1
4351,6152972,5
4352,2915026,1
4353,3500513,1
4354,8859587,1
4355,9182814,1
4356,4001610,1
4357,7315719,6
4358,6271508,5
4359,3464439,3
4360,8112881,5
4361,5946228,1
4362,2146090,1
4363,6337096,1
4364,7327036,1
4365,4404061,5
4366,4486575,1
4367,4658876,1
4368,8556969,5
4369,6684101,5
4370,3512859,1
4371,2104758,3
4372,9004101,1
4373,1049995,6
4374,1115672,5
4375,6753959,1
4376,5402638,3
4377,1569870,1
4378,6137595,1
4379,6488162,3
4380,8438160,1
4381,1811839,1
4382,2061752,3
4383,5110967,5
4384,2761635,1
4385,6306038,1
4386,5771948,8
4387,5192306,3
4388,2309655,6
4389,8918283,1
4390,3292931,1
4391,2193469,5
4392,1540307,3
4393,7892043,3
4394,7429445,1
4395,7772890,1
4396,7629090,5
4397,4187758,2
4398,3274209,3
4399,6552798,5
4400,1451825,8
4401,3962174,3
4402,6093948,3
4403,8093984,1
4404,2536942,5
4405,7800099,3
4406,5015094,5
4407,8346185,5
4408,5881848,5
4409,7795560,5
4410,1295625,1
4411,1995962,3
4412,2728476,1
4413,3851233,3
4414,7014023,5
4415,5528605,1
4416,8248641,5
4417,1705232,8
4418,5030552,1
4419,4495957,1
4420,7167202,3
4421,3460512,3
4422,2466176,2
4423,3689964,3
4424,9072965,5
4425,8405010,3
4426,8940260,3
4427,7459405,1
4428,6333721,3
4429,7946896,1
4430,4649223,1
4431,8663001,8
4432,8891359,3
4433,5153518,5
4434,4119141,3
4435,6616890,3
4436,6165237,1
4437,7371565,1
4438,3977931,1
4439,6722239,6
4440,7812317,1
4441,9186790,1
4442,6518541,6
4443,4632910,3
4444,9382769,5
4445,3462716,5
4446,6276179,3
4447,8592046,5
4448,9569211,6
4449,9209966,1
4450,4609046,5
4451,1629302,5
4452,2275652,1
4453,3919037,1
4454,4737397,3
4455,3500440,1
4456,5110053,3
4457,2246452,1
4458,5273380,8
4459,4189277,6
4460,9445200,1
4461,4169812,5
4462,6705860,1
4463,4753076,1
4464,8694829,3
4465,6062817,2
4466,7374627,1
4467,7878812,1
4468,3879532,1
4469,6021747,6
4470,2779993,1
4471,9037933,5
4472,5469587,3
4473,2414506,1
4474,5004973,1
4475,7322258,1
4476,6887175,3
4477,4948193,4
4478,8027705,5
4479,5191468,5
4480,5566179,1
4481,2744753,5
4482,4461167,1
4483,8502357,3
4484,7914437,3
4485,5543171,3
4486,7595328,1
4487,8858994,1
4488,2735505,5
4489,7641327,5
4490,7270139,4
4491,2421119,1
4492,2422771,6
4493,5557496,1
4494,9712525,3
4495,8830679,7
4496,3839728,3
4497,2166141,3
4498,9426198,7
4499,9114395,3
